0,1,2,3
Lap,Data,Prompt,Output
Lap 1,"[[{'subject': [{'other': 'race control'}], 'action': 'wave', 'object': {'main': ['yellow flag'], 'location': ['sector 6']}}, {'subject': [{'other': 'fia'}], 'action': 'note', 'object': {'main': ['incident'], 'driver': ['SIR'], 'info': ['wheels not fitted at the 3 minute signal']}}]]",Write a live blog post describing the following events in a Formula 1 race: Agent1 | other | race control [SEP] Action1 | wave [SEP] Object1 | main | yellow flag [SEP] Object1 | location | sector 6 [SEP] Agent2 | other | fia [SEP] Action2 | note [SEP] Object2 | main | incident [SEP] Object2 | driver | SIR [SEP] Object2 | info | wheels not fitted at the 3 minute signal,"The FIA has waved the yellow flag in sector 6 for an incident involving Sainz, whose wheels were not fitted at the 3 minute signal."
Lap 2,"[[{'subject': [{'other': 'track'}], 'action': 'be', 'object': {'main': ['clear'], 'location': ['sector 6']}}]]",Write a live blog post describing the following events in a Formula 1 race: Agent1 | other | track [SEP] Action1 | be [SEP] Object1 | main | clear [SEP] Object1 | location | sector 6,The track is clear from sector 6.
Lap 4,"[[{'subject': [{'driver': 'VER'}], 'action': 'pass', 'object': {'driver': ['ERI']}}, {'subject': [{'driver': 'VER'}], 'action': 'move up', 'object': {'position': ['17']}}]]",Write a live blog post describing the following events in a Formula 1 race: Agent1 | driver | VER [SEP] Action1 | pass [SEP] Object1 | driver | ERI [SEP] Agent2 | driver | VER [SEP] Action2 | move up [SEP] Object2 | position | 17,Verstappen passes Erize to move up to 17th.
Lap 5,"[[{'subject': [{'other': 'fia'}], 'action': 'note', 'object': {'main': ['incident'], 'driver': ['SIR'], 'info': ['wheels not fitted at the 3 minute signal']}}]]",Write a live blog post describing the following events in a Formula 1 race: Agent1 | other | fia [SEP] Action1 | note [SEP] Object1 | main | incident [SEP] Object1 | driver | SIR [SEP] Object1 | info | wheels not fitted at the 3 minute signal,The FIA has noted the incident of Sirotkin's wheels not fitted at the 3 minute signal.
Lap 6,"[[{'subject': [{'driver': 'SIR'}], 'action': 'come', 'object': {'main': ['in pits', 'for hypersoft tyres']}}, {'subject': [{'driver': 'SIR'}], 'action': 'stay in', 'object': {'position': ['12']}}], [{'subject': [{'driver': 'VER'}], 'action': 'fly', 'object': {'driver': ['STR'], 'main': ['past']}}, {'subject': [{'driver': 'VER'}], 'action': 'move up', 'object': {'position': ['16']}}]]",Write a live blog post describing the following events in a Formula 1 race: Agent1 | driver | SIR [SEP] Action1 | come [SEP] Object1 | main | in pits [SEP] Object1 | main | for hypersoft tyres [SEP] Agent2 | driver | SIR [SEP] Action2 | stay in [SEP] Object2 | position | 12,Sirotkin comes in the pits for hypersoft tyres and stays in 12th.
Lap 9,"[[{'subject': [{'driver': 'STR'}], 'action': 'pit', 'object': {'main': ['for ultrasoft tyres']}}, {'subject': [{'driver': 'STR'}], 'action': 'drop to', 'object': {'position': ['20']}}]]",Write a live blog post describing the following events in a Formula 1 race: Agent1 | driver | STR [SEP] Action1 | pit [SEP] Object1 | main | for ultrasoft tyres [SEP] Agent2 | driver | STR [SEP] Action2 | drop to [SEP] Object2 | position | 20,Stroll pits for ultrasoft tyres and drops to 20th.
Lap 11,"[[{'subject': [{'driver': 'HAM'}], 'action': 'pit', 'object': {'main': ['for ultrasoft tyres']}}, {'subject': [{'driver': 'HAM'}], 'action': 'stay in', 'object': {'position': ['3']}}]]",Write a live blog post describing the following events in a Formula 1 race: Agent1 | driver | HAM [SEP] Action1 | pit [SEP] Object1 | main | for ultrasoft tyres [SEP] Agent2 | driver | HAM [SEP] Action2 | stay in [SEP] Object2 | position | 3,Hamilton pits for ultrasoft tyres and stays in 3rd.
Lap 13,"[[{'subject': [{'driver': 'HAR'}], 'action': 'pit', 'object': {'main': ['from P15', 'to undercut'], 'driver': ['VER']}}, {'subject': [{'driver': 'VER'}], 'action': 'be', 'object': {'main': ['still out']}}], [{'subject': [{'driver': 'HAM'}], 'action': 'fly', 'object': {'driver': ['OCO'], 'main': ['past']}}, {'subject': [{'driver': 'HAM'}], 'action': 'move up', 'object': {'position': ['5']}}]]",Write a live blog post describing the following events in a Formula 1 race: Agent1 | driver | HAR [SEP] Action1 | pit [SEP] Object1 | main | from P15 [SEP] Object1 | main | to undercut [SEP] Object1 | driver | VER [SEP] Agent2 | driver | VER [SEP] Action2 | be [SEP] Object2 | main | still out,"Harrel pits from P15 to undercut Verstappen, who is still out."
Lap 14,"[[{'subject': [{'driver': 'LEC'}], 'action': 'pit', 'object': {'main': ['for supersoft tyres']}}, {'subject': [{'driver': 'LEC'}], 'action': 'drop to', 'object': {'position': ['14']}}]]",Write a live blog post describing the following events in a Formula 1 race: Agent1 | driver | LEC [SEP] Action1 | pit [SEP] Object1 | main | for supersoft tyres [SEP] Agent2 | driver | LEC [SEP] Action2 | drop to [SEP] Object2 | position | 14,Leclerc pits for supersoft tyres and drops to 14th.
Lap 14,"[[{'subject': [{'other': 'fia'}], 'action': 'wave', 'object': {'main': ['double yellow flag'], 'location': ['sector 6']}}]]",Write a live blog post describing the following events in a Formula 1 race: Agent1 | other | fia [SEP] Action1 | wave [SEP] Object1 | main | double yellow flag [SEP] Object1 | location | sector 6,The FIA has waved a double yellow flag for sector 6.
Lap 15,"[[{'subject': [{'driver': 'VET'}], 'action': 'pit', 'object': {'main': ['for ultrasoft tyres']}}, {'subject': [{'driver': 'VET'}], 'action': 'drop to', 'object': {'position': ['3']}}, {'subject': [{'driver': 'GRO'}], 'action': 'pit', 'object': {'main': ['from P16', 'to undercut'], 'driver': ['MAG']}}, {'subject': [{'driver': 'MAG'}], 'action': 'be', 'object': {'main': ['still out']}}], [{'subject': [{'driver': 'RAI'}], 'action': 'overtake', 'object': {'driver': ['VET']}}, {'subject': [{'driver': 'RAI'}], 'action': 'move up', 'object': {'position': ['2']}}, {'subject': [{'driver': 'SIR'}], 'action': 'pass', 'object': {'driver': ['GRO']}}, {'subject': [{'driver': 'SIR'}], 'action': 'move up', 'object': {'position': ['18']}}]]",Write a live blog post describing the following events in a Formula 1 race: Agent1 | driver | VET [SEP] Action1 | pit [SEP] Object1 | main | for ultrasoft tyres [SEP] Agent2 | driver | VET [SEP] Action2 | drop to [SEP] Object2 | position | 3 [SEP] Agent3 | driver | GRO [SEP] Action3 | pit [SEP] Object3 | main | from P16 [SEP] Object3 | main | to undercut [SEP] Object3 | driver | MAG [SEP] Agent4 | driver | MAG [SEP] Action4 | be [SEP] Object4 | main | still out,"Vettel pits for ultrasoft tyres, dropping to 3rd. Gasly pits from P16 to undercut Magnussen, who is still out."
Lap 15,"[[{'subject': [{'driver': 'GRO'}], 'action': 'retire from', 'object': {'main': ['race']}}, {'subject': [{'other': 'his haas car'}], 'action': 'be stationary', 'object': {'timing': ['first part of lap']}}]]",Write a live blog post describing the following events in a Formula 1 race: Agent1 | driver | GRO [SEP] Action1 | retire from [SEP] Object1 | main | race [SEP] Agent2 | other | his haas car [SEP] Action2 | be stationary [SEP] Object2 | timing | first part of lap,Grosjean retires from the race as his haas car is stationary for the first part of the lap.
Lap 16,"[[{'subject': [{'driver': 'SAI'}], 'action': 'pit', 'object': {'main': ['for ultrasoft tyres']}}, {'subject': [{'driver': 'SAI'}], 'action': 'drop to', 'object': {'position': ['15']}}, {'subject': [{'driver': 'BOT'}], 'action': 'make', 'object': {'main': ['pitstop', 'for hypersoft tyres']}}, {'subject': [{'driver': 'BOT'}], 'action': 'drop to', 'object': {'position': ['7']}}, {'subject': [{'driver': ['RIC', 'RAI']}], 'action': 'pit', 'object': {}}]]","Write a live blog post describing the following events in a Formula 1 race: Agent1 | driver | SAI [SEP] Action1 | pit [SEP] Object1 | main | for ultrasoft tyres [SEP] Agent2 | driver | SAI [SEP] Action2 | drop to [SEP] Object2 | position | 15 [SEP] Agent3 | driver | BOT [SEP] Action3 | make [SEP] Object3 | main | pitstop [SEP] Object3 | main | for hypersoft tyres [SEP] Agent4 | driver | BOT [SEP] Action4 | drop to [SEP] Object4 | position | 7 [SEP] Agent5 | drivers | RIC, RAI [SEP] Action5 | pit","Sainz pits for ultrasoft tyres, dropping to 15th. Bottas makes a pitstop for hypersoft tyres and drops to 7th. Ricciardo, Raikkonen and Bottas also pit."
Lap 16,"[[{'subject': [{'other': 'stewards'}], 'action': 'note', 'object': {'main': ['incident'], 'driver': ['SIR'], 'info': ['no further action']}}, {'subject': [{'other': 'stewards'}], 'action': 'note', 'object': {'main': ['incident'], 'driver': ['HAR'], 'info': ['speeding in the pit lane']}}]]",Write a live blog post describing the following events in a Formula 1 race: Agent1 | other | stewards [SEP] Action1 | note [SEP] Object1 | main | incident [SEP] Object1 | driver | SIR [SEP] Object1 | info | no further action [SEP] Agent2 | other | stewards [SEP] Action2 | note [SEP] Object2 | main | incident [SEP] Object2 | driver | HAR [SEP] Object2 | info | speeding in the pit lane,"The stewards note an incident between Sirotkin and Verstappen, but no further action is taken. The stewards also note that Hulkenberg is speeding in the pit lane."
Lap 17,"[[{'subject': [{'driver': 'ERI'}], 'action': 'pit', 'object': {'main': ['from P13', 'to undercut'], 'driver': ['VER']}}, {'subject': [{'driver': 'VER'}], 'action': 'be', 'object': {'main': ['still out']}}, {'subject': [{'driver': 'MAG'}], 'action': 'make', 'object': {'main': ['pitstop', 'for supersoft tyres']}}, {'subject': [{'driver': 'MAG'}], 'action': 'drop to', 'object': {'position': ['17']}}]]",Write a live blog post describing the following events in a Formula 1 race: Agent1 | driver | ERI [SEP] Action1 | pit [SEP] Object1 | main | from P13 [SEP] Object1 | main | to undercut [SEP] Object1 | driver | VER [SEP] Agent2 | driver | VER [SEP] Action2 | be [SEP] Object2 | main | still out [SEP] Agent3 | driver | MAG [SEP] Action3 | make [SEP] Object3 | main | pitstop [SEP] Object3 | main | for supersoft tyres [SEP] Agent4 | driver | MAG [SEP] Action4 | drop to [SEP] Object4 | position | 17,"Erizen pits from P13 to undercut Verstappen, who is still out. Magnussen makes a pitstop for supersoft tyres and drops to 17th."
Lap 17,"[[{'subject': [{'driver': 'BOT'}], 'action': 'catch', 'object': {'driver': ['ALO']}}, {'subject': [{'other': 'gap'}], 'action': 'be', 'object': {'main': ['only', '3.05'], 'driver': ['ALO'], 'timing': ['this lap']}}]]",Write a live blog post describing the following events in a Formula 1 race: Agent1 | driver | BOT [SEP] Action1 | catch [SEP] Object1 | driver | ALO [SEP] Agent2 | other | gap [SEP] Action2 | be [SEP] Object2 | main | only [SEP] Object2 | main | 3.05 [SEP] Object2 | driver | ALO [SEP] Object2 | timing | this lap,"Bottas is catching Alonso, who is only 3.05s behind this lap."
Lap 18,"[[{'subject': [{'driver': 'ALO'}], 'action': 'box', 'object': {'main': ['for hypersoft tyres']}}, {'subject': [{'driver': 'ALO'}], 'action': 'drop to', 'object': {'position': ['9']}}]]",Write a live blog post describing the following events in a Formula 1 race: Agent1 | driver | ALO [SEP] Action1 | box [SEP] Object1 | main | for hypersoft tyres [SEP] Agent2 | driver | ALO [SEP] Action2 | drop to [SEP] Object2 | position | 9,Alonso boxes for hypersoft tyres and drops to 9th.
Lap 18,"[[{'subject': [{'driver': 'GRO'}, {'driver': 'SIR'}], 'action': 'battle', 'object': {'main': ['for P18']}}, {'subject': [{'other': 'gap'}], 'action': 'be', 'object': {'main': ['only'], 'gap': ['0.2s']}}]]",Write a live blog post describing the following events in a Formula 1 race: Agent1 | driver | GRO [SEP] Action1 | battle [SEP] Object1 | main | for P18 [SEP] Agent2 | other | gap [SEP] Action2 | be [SEP] Object2 | main | only [SEP] Object2 | gap | 0.2s,"Grosjean battles for P18, but the gap is only 0.2s."
Lap 19,"[[{'subject': [{'driver': 'VAN'}], 'action': 'make', 'object': {'main': ['pitstop', 'for ultrasoft tyres']}}, {'subject': [{'driver': 'VAN'}], 'action': 'drop to', 'object': {'position': ['15']}}, {'subject': [{'driver': 'SIR'}], 'action': 'pit', 'object': {'main': ['from P18', 'to undercut'], 'driver': ['MAG']}}, {'subject': [{'driver': 'MAG'}], 'action': 'be', 'object': {'main': ['still out']}}], [{'subject': [{'driver': 'GRO'}], 'action': 'fly', 'object': {'driver': ['SIR'], 'main': ['past']}}, {'subject': [{'driver': 'GRO'}], 'action': 'move up', 'object': {'position': ['18']}}]]",Write a live blog post describing the following events in a Formula 1 race: Agent1 | driver | VAN [SEP] Action1 | make [SEP] Object1 | main | pitstop [SEP] Object1 | main | for ultrasoft tyres [SEP] Agent2 | driver | VAN [SEP] Action2 | drop to [SEP] Object2 | position | 15 [SEP] Agent3 | driver | SIR [SEP] Action3 | pit [SEP] Object3 | main | from P18 [SEP] Object3 | main | to undercut [SEP] Object3 | driver | MAG [SEP] Agent4 | driver | MAG [SEP] Action4 | be [SEP] Object4 | main | still out,"Vandoorne makes a pitstop for ultrasoft tyres, dropping to 15th. Sirotkin pits from P18 to undercut Magnussen, who is still out."
Lap 20,"[[{'subject': [{'driver': 'PER'}], 'action': 'box', 'object': {'main': ['for hypersoft tyres']}}, {'subject': [{'driver': 'PER'}], 'action': 'drop to', 'object': {'position': ['9']}}]]",Write a live blog post describing the following events in a Formula 1 race: Agent1 | driver | PER [SEP] Action1 | box [SEP] Object1 | main | for hypersoft tyres [SEP] Agent2 | driver | PER [SEP] Action2 | drop to [SEP] Object2 | position | 9,Perez boxes for hypersoft tyres and drops to 9th.
Lap 20,"[[{'subject': [{'driver': 'BOT'}], 'action': 'approach', 'object': {'driver': ['OCO']}}, {'subject': [{'other': 'gap'}], 'action': 'be', 'object': {'main': ['only', '1.31'], 'driver': ['OCO'], 'timing': ['now']}}]]",Write a live blog post describing the following events in a Formula 1 race: Agent1 | driver | BOT [SEP] Action1 | approach [SEP] Object1 | driver | OCO [SEP] Agent2 | other | gap [SEP] Action2 | be [SEP] Object2 | main | only [SEP] Object2 | main | 1.31 [SEP] Object2 | driver | OCO [SEP] Object2 | timing | now,"Bottas is approaching Ocon now, but the gap is only 1.31s."
Lap 21,"[[{'subject': [{'driver': 'BOT'}], 'action': 'pass', 'object': {'driver': ['OCO']}}, {'subject': [{'driver': 'BOT'}], 'action': 'move up', 'object': {'position': ['5']}}]]",Write a live blog post describing the following events in a Formula 1 race: Agent1 | driver | BOT [SEP] Action1 | pass [SEP] Object1 | driver | OCO [SEP] Agent2 | driver | BOT [SEP] Action2 | move up [SEP] Object2 | position | 5,Bottas passes Ocon to move up to fifth.
Lap 21,"[[{'subject': [{'driver': 'MAG'}], 'action': 'approach', 'object': {'driver': ['PER']}}, {'subject': [{'other': 'gap'}], 'action': 'decrease', 'object': {'main': ['to', '1.79'], 'driver': ['PER'], 'timing': ['currently']}}]]",Write a live blog post describing the following events in a Formula 1 race: Agent1 | driver | MAG [SEP] Action1 | approach [SEP] Object1 | driver | PER [SEP] Agent2 | other | gap [SEP] Action2 | decrease [SEP] Object2 | main | to [SEP] Object2 | main | 1.79 [SEP] Object2 | driver | PER [SEP] Object2 | timing | currently,Magnussen approaches Perez and decreases the gap to 1.79s currently.
Lap 22,"[[{'subject': [{'driver': 'OCO'}], 'action': 'pit', 'object': {'main': ['for supersoft tyres']}}, {'subject': [{'driver': 'OCO'}], 'action': 'drop to', 'object': {'position': ['8']}}]]",Write a live blog post describing the following events in a Formula 1 race: Agent1 | driver | OCO [SEP] Action1 | pit [SEP] Object1 | main | for supersoft tyres [SEP] Agent2 | driver | OCO [SEP] Action2 | drop to [SEP] Object2 | position | 8,Ocon pits for supersoft tyres and drops to eighth.
Lap 22,"[[{'subject': [{'driver': 'ALO'}], 'action': 'catch', 'object': {'driver': ['HUL']}}, {'subject': [{'other': 'gap'}], 'action': 'decrease', 'object': {'main': ['to', '3.12'], 'driver': ['HUL'], 'timing': ['this lap']}}]]",Write a live blog post describing the following events in a Formula 1 race: Agent1 | driver | ALO [SEP] Action1 | catch [SEP] Object1 | driver | HUL [SEP] Agent2 | other | gap [SEP] Action2 | decrease [SEP] Object2 | main | to [SEP] Object2 | main | 3.12 [SEP] Object2 | driver | HUL [SEP] Object2 | timing | this lap,Alonso has caught Hulkenberg to decrease the gap to 3.12s this lap.
Lap 24,"[[{'subject': [{'driver': 'HAR'}], 'action': 'get', 'object': {'main': ['penalty', 'speeding in the pit lane']}}]]",Write a live blog post describing the following events in a Formula 1 race: Agent1 | driver | HAR [SEP] Action1 | get [SEP] Object1 | main | penalty [SEP] Object1 | main | speeding in the pit lane,Harlow gets a penalty for speeding in the pit lane.
Lap 27,"[[{'subject': [{'driver': 'VET'}], 'action': 'be', 'object': {'main': ['in DRS zone'], 'driver': ['of RIC']}}, {'subject': [{'driver': 'RIC'}], 'action': 'might lose', 'object': {'main': ['P1'], 'driver': ['to VET']}}]]",Write a live blog post describing the following events in a Formula 1 race: Agent1 | driver | VET [SEP] Action1 | be [SEP] Object1 | main | in DRS zone [SEP] Object1 | driver | of RIC [SEP] Agent2 | driver | RIC [SEP] Action2 | might lose [SEP] Object2 | main | P1 [SEP] Object2 | driver | to VET,"Vettel is now in DRS zone ahead of Ricciardo, who might lose P1 to Vettel."
Lap 30,"[[{'subject': [{'driver': 'STR'}], 'action': 'get', 'object': {'main': ['blue flag'], 'timing': ['lap 30', '15:51:44']}}]]",Write a live blog post describing the following events in a Formula 1 race: Agent1 | driver | STR [SEP] Action1 | get [SEP] Object1 | main | blue flag [SEP] Object1 | timing | lap 30 [SEP] Object1 | timing | 15:51:44,Stroll gets the blue flag on lap 30 at 15:51:44.
Lap 31,"[[{'subject': [{'driver': 'MAG'}], 'action': 'have', 'object': {'main': ['DRS advantage'], 'driver': ['on PER']}}, {'subject': [{'driver': 'PER'}], 'action': 'might lose', 'object': {'main': ['P15'], 'driver': ['to MAG']}}]]",Write a live blog post describing the following events in a Formula 1 race: Agent1 | driver | MAG [SEP] Action1 | have [SEP] Object1 | main | DRS advantage [SEP] Object1 | driver | on PER [SEP] Agent2 | driver | PER [SEP] Action2 | might lose [SEP] Object2 | main | P15 [SEP] Object2 | driver | to MAG,"Magnussen has a DRS advantage on Perez, who might lose P15 to Magnussen."
Lap 35,"[[{'subject': [{'driver': 'STR'}], 'action': 'come', 'object': {'main': ['in pits', 'for hypersoft tyres']}}, {'subject': [{'driver': 'STR'}], 'action': 'stay in', 'object': {'position': ['20']}}]]",Write a live blog post describing the following events in a Formula 1 race: Agent1 | driver | STR [SEP] Action1 | come [SEP] Object1 | main | in pits [SEP] Object1 | main | for hypersoft tyres [SEP] Agent2 | driver | STR [SEP] Action2 | stay in [SEP] Object2 | position | 20,Stroll comes in the pits for hypersoft tyres and stays in 20th.
Lap 36,"[[{'subject': [{'driver': 'GAS'}], 'action': 'pit', 'object': {'main': ['for hypersoft tyres']}}, {'subject': [{'driver': 'GAS'}], 'action': 'drop to', 'object': {'position': ['10']}}]]",Write a live blog post describing the following events in a Formula 1 race: Agent1 | driver | GAS [SEP] Action1 | pit [SEP] Object1 | main | for hypersoft tyres [SEP] Agent2 | driver | GAS [SEP] Action2 | drop to [SEP] Object2 | position | 10,Gasly pits for hypersoft tyres and drops to 10th.
Lap 36,"[[{'subject': [{'driver': 'SAI'}], 'action': 'catch', 'object': {'driver': ['VER']}}, {'subject': [{'other': 'gap'}], 'action': 'be', 'object': {'main': ['only', '0'], 'driver': ['VER'], 'timing': ['this lap']}}]]",Write a live blog post describing the following events in a Formula 1 race: Agent1 | driver | SAI [SEP] Action1 | catch [SEP] Object1 | driver | VER [SEP] Agent2 | other | gap [SEP] Action2 | be [SEP] Object2 | main | only [SEP] Object2 | main | 0 [SEP] Object2 | driver | VER [SEP] Object2 | timing | this lap,"Sainz is catching Verstappen, who is only 0.6s behind this lap."
Lap 41,"[[{'subject': [{'driver': 'PER'}, {'driver': 'ERI'}], 'action': 'battle', 'object': {'main': ['for P14']}}, {'subject': [{'other': 'gap'}], 'action': 'be', 'object': {'main': ['down to'], 'gap': ['0.4s']}}]]",Write a live blog post describing the following events in a Formula 1 race: Agent1 | driver | PER [SEP] Action1 | battle [SEP] Object1 | main | for P14 [SEP] Agent2 | other | gap [SEP] Action2 | be [SEP] Object2 | main | down to [SEP] Object2 | gap | 0.4s,Perez battles for P14 and the gap is down to 0.4s.
Lap 44,"[[{'subject': [{'driver': 'VAN'}], 'action': 'be threathening', 'object': {'driver': ['MAG'], 'main': ['for position']}}, {'subject': [{'driver': 'VAN'}], 'action': 'be', 'object': {'main': ['0.4s behind'], 'driver': ['MAG'], 'position': ['16']}}]]",Write a live blog post describing the following events in a Formula 1 race: Agent1 | driver | VAN [SEP] Action1 | be threathening [SEP] Object1 | driver | MAG [SEP] Object1 | main | for position [SEP] Agent2 | driver | VAN [SEP] Action2 | be [SEP] Object2 | main | 0.4s behind [SEP] Object2 | driver | MAG [SEP] Object2 | position | 16,Vandoorne is threatening Magnussen for position. He's 0.4s behind and 16th.
Lap 45,"[[{'subject': [{'driver': 'STR'}], 'action': 'get', 'object': {'main': ['blue flag'], 'timing': ['lap 45', '16:10:59']}}]]",Write a live blog post describing the following events in a Formula 1 race: Agent1 | driver | STR [SEP] Action1 | get [SEP] Object1 | main | blue flag [SEP] Object1 | timing | lap 45 [SEP] Object1 | timing | 16:10:59,Stroll gets the blue flag on lap 45 at 16:10:59.
Lap 46,"[[{'subject': [{'driver': 'VER'}], 'action': 'box', 'object': {'main': ['for ultrasoft tyres']}}, {'subject': [{'driver': 'VER'}], 'action': 'stay in', 'object': {'position': ['9']}}]]",Write a live blog post describing the following events in a Formula 1 race: Agent1 | driver | VER [SEP] Action1 | box [SEP] Object1 | main | for ultrasoft tyres [SEP] Agent2 | driver | VER [SEP] Action2 | stay in [SEP] Object2 | position | 9,Verstappen boxes for ultrasoft tyres and stays in ninth.
Lap 49,"[[{'subject': [{'driver': 'HUL'}], 'action': 'pit', 'object': {'main': ['for hypersoft tyres']}}, {'subject': [{'driver': 'HUL'}], 'action': 'stay in', 'object': {'position': ['6']}}, {'subject': [{'driver': 'SIR'}], 'action': 'stop', 'object': {'main': ['for supersoft tyres']}}, {'subject': [{'driver': 'SIR'}], 'action': 'stay in', 'object': {'position': ['19']}}]]",Write a live blog post describing the following events in a Formula 1 race: Agent1 | driver | HUL [SEP] Action1 | pit [SEP] Object1 | main | for hypersoft tyres [SEP] Agent2 | driver | HUL [SEP] Action2 | stay in [SEP] Object2 | position | 6 [SEP] Agent3 | driver | SIR [SEP] Action3 | stop [SEP] Object3 | main | for supersoft tyres [SEP] Agent4 | driver | SIR [SEP] Action4 | stay in [SEP] Object4 | position | 19,Hulkenberg pits for hypersoft tyres and stays in 6th. Sirotkin pits for supersoft tyres but stays in 19th.
Lap 51,"[[{'subject': [{'driver': 'SIR'}], 'action': 'get', 'object': {'main': ['blue flag'], 'timing': ['lap 51', '16:19:51']}}]]",Write a live blog post describing the following events in a Formula 1 race: Agent1 | driver | SIR [SEP] Action1 | get [SEP] Object1 | main | blue flag [SEP] Object1 | timing | lap 51 [SEP] Object1 | timing | 16:19:51,Sirotkin gets the blue flag on lap 51 at 16:19:51.
Lap 52,"[[{'subject': [{'driver': 'ALO'}], 'action': 'stop', 'object': {'main': ['race']}}, {'subject': [{'other': 'his mclaren car'}], 'action': 'give up', 'object': {'timing': ['first part of lap']}}]]",Write a live blog post describing the following events in a Formula 1 race: Agent1 | driver | ALO [SEP] Action1 | stop [SEP] Object1 | main | race [SEP] Agent2 | other | his mclaren car [SEP] Action2 | give up [SEP] Object2 | timing | first part of lap,Alonso pits his mclaren car and gives up the first part of lap.
Lap 53,"[[{'subject': [{'driver': 'STR'}], 'action': 'fly', 'object': {'driver': ['ALO'], 'main': ['past']}}, {'subject': [{'driver': 'STR'}], 'action': 'move up', 'object': {'position': ['19']}}]]",Write a live blog post describing the following events in a Formula 1 race: Agent1 | driver | STR [SEP] Action1 | fly [SEP] Object1 | driver | ALO [SEP] Object1 | main | past [SEP] Agent2 | driver | STR [SEP] Action2 | move up [SEP] Object2 | position | 19,Stroll flies past Alonso to move up to 19th.
Lap 54,"[[{'subject': [{'other': 'track'}], 'action': 'be', 'object': {'main': ['clear'], 'location': ['sector 1']}}]]",Write a live blog post describing the following events in a Formula 1 race: Agent1 | other | track [SEP] Action1 | be [SEP] Object1 | main | clear [SEP] Object1 | location | sector 1,The track is clear from sector 1.
Lap 56,"[[{'subject': [{'driver': 'VER'}], 'action': 'fly', 'object': {'driver': ['SAI'], 'main': ['past']}}, {'subject': [{'driver': 'VER'}], 'action': 'move up', 'object': {'position': ['9']}}]]",Write a live blog post describing the following events in a Formula 1 race: Agent1 | driver | VER [SEP] Action1 | fly [SEP] Object1 | driver | SAI [SEP] Object1 | main | past [SEP] Agent2 | driver | VER [SEP] Action2 | move up [SEP] Object2 | position | 9,Verstappen flies past Sainz to move up to ninth.
Lap 59,"[[{'subject': [{'driver': 'VER'}], 'action': 'set', 'object': {'main': ['new fastest lap'], 'lap_time': ['74.847']}}]]",Write a live blog post describing the following events in a Formula 1 race: Agent1 | driver | VER [SEP] Action1 | set [SEP] Object1 | main | new fastest lap [SEP] Object1 | lap_time | 74.847,Verstappen sets a new fastest lap of 74.847.
Lap 60,"[[{'subject': [{'driver': 'STR'}], 'action': 'make', 'object': {'main': ['pitstop', 'for hypersoft tyres']}}, {'subject': [{'driver': 'STR'}], 'action': 'stay in', 'object': {'position': ['19']}}]]",Write a live blog post describing the following events in a Formula 1 race: Agent1 | driver | STR [SEP] Action1 | make [SEP] Object1 | main | pitstop [SEP] Object1 | main | for hypersoft tyres [SEP] Agent2 | driver | STR [SEP] Action2 | stay in [SEP] Object2 | position | 19,Stroll makes a pitstop for hypersoft tyres and stays in 19th.
Lap 61,"[[{'subject': [{'driver': 'STR'}], 'action': 'get', 'object': {'main': ['blue flag'], 'timing': ['lap 61', '16:32:42']}}]]",Write a live blog post describing the following events in a Formula 1 race: Agent1 | driver | STR [SEP] Action1 | get [SEP] Object1 | main | blue flag [SEP] Object1 | timing | lap 61 [SEP] Object1 | timing | 16:32:42,Stroll gets the blue flag on lap 61 at 16:32:42.
Lap 68,"[[{'subject': [{'driver': 'GRO'}], 'action': 'pit', 'object': {'main': ['from P17', 'to undercut'], 'driver': ['VAN']}}, {'subject': [{'driver': 'VAN'}], 'action': 'be', 'object': {'main': ['still out']}}]]",Write a live blog post describing the following events in a Formula 1 race: Agent1 | driver | GRO [SEP] Action1 | pit [SEP] Object1 | main | from P17 [SEP] Object1 | main | to undercut [SEP] Object1 | driver | VAN [SEP] Agent2 | driver | VAN [SEP] Action2 | be [SEP] Object2 | main | still out,"Grosjean pits from P17 to undercut Verstappen, but Vettel is still out."
Lap 68,"[[{'subject': [{'driver': 'GRO'}], 'action': 'quit', 'object': {'main': ['race']}}, {'subject': [{'other': 'his haas car'}], 'action': 'give up', 'object': {'timing': ['first part of lap']}}]]",Write a live blog post describing the following events in a Formula 1 race: Agent1 | driver | GRO [SEP] Action1 | quit [SEP] Object1 | main | race [SEP] Agent2 | other | his haas car [SEP] Action2 | give up [SEP] Object2 | timing | first part of lap,"Grosjean has quit the race, giving up his haas car for the first part of lap."
Lap 69,"[[{'subject': [{'driver': 'GRO'}], 'action': 'get', 'object': {'main': ['blue flag'], 'timing': ['lap 69', '16:42:16']}}, {'subject': [{'driver': 'GRO'}], 'action': 'get', 'object': {'main': ['blue flag'], 'timing': ['lap 69', '16:43:23']}}]]",Write a live blog post describing the following events in a Formula 1 race: Agent1 | driver | GRO [SEP] Action1 | get [SEP] Object1 | main | blue flag [SEP] Object1 | timing | lap 69 [SEP] Object1 | timing | 16:42:16 [SEP] Agent2 | driver | GRO [SEP] Action2 | get [SEP] Object2 | main | blue flag [SEP] Object2 | timing | lap 69 [SEP] Object2 | timing | 16:43:23,"Grosjean gets the blue flag at lap 69, with a time of 16:42:16. He gets the green flag in 16:43:23."
Lap 70,"[[{'subject': [{'driver': 'MAG'}], 'action': 'approach', 'object': {'driver': ['PER']}}, {'subject': [{'other': 'gap'}], 'action': 'be', 'object': {'main': ['down to', '1.12'], 'driver': ['PER'], 'timing': ['currently']}}]]",Write a live blog post describing the following events in a Formula 1 race: Agent1 | driver | MAG [SEP] Action1 | approach [SEP] Object1 | driver | PER [SEP] Agent2 | other | gap [SEP] Action2 | be [SEP] Object2 | main | down to [SEP] Object2 | main | 1.12 [SEP] Object2 | driver | PER [SEP] Object2 | timing | currently,"Magnussen approaches Perez, but the gap is down to 1.12s currently."
Lap 71,"[[{'subject': [{'driver': 'VAN'}], 'action': 'make', 'object': {'main': ['pitstop', 'for supersoft tyres']}}, {'subject': [{'driver': 'VAN'}], 'action': 'climb up to', 'object': {'position': ['14']}}, {'subject': [{'driver': 'HAR'}], 'action': 'box', 'object': {'main': ['for ultrasoft tyres']}}, {'subject': [{'driver': 'HAR'}], 'action': 'drop to', 'object': {'position': ['15']}}], [{'subject': [{'driver': 'GRO'}], 'action': 'pass', 'object': {'driver': ['LEC']}}, {'subject': [{'driver': 'GRO'}], 'action': 'move up', 'object': {'position': ['16']}}, {'subject': [{'driver': 'GRO'}], 'action': 'overtake', 'object': {'driver': ['HAR']}}, {'subject': [{'driver': 'GRO'}], 'action': 'move up', 'object': {'position': ['15']}}, {'subject': [{'driver': 'SIR'}], 'action': 'overtake', 'object': {'driver': ['LEC']}}, {'subject': [{'driver': 'SIR'}], 'action': 'move up', 'object': {'position': ['17']}}, {'subject': [{'driver': 'SIR'}], 'action': 'overtake', 'object': {'driver': ['HAR']}}, {'subject': [{'driver': 'SIR'}], 'action': 'move up', 'object': {'position': ['16']}}]]",Write a live blog post describing the following events in a Formula 1 race: Agent1 | driver | VAN [SEP] Action1 | make [SEP] Object1 | main | pitstop [SEP] Object1 | main | for supersoft tyres [SEP] Agent2 | driver | VAN [SEP] Action2 | climb up to [SEP] Object2 | position | 14 [SEP] Agent3 | driver | HAR [SEP] Action3 | box [SEP] Object3 | main | for ultrasoft tyres [SEP] Agent4 | driver | HAR [SEP] Action4 | drop to [SEP] Object4 | position | 15,"Vandoorne makes a pitstop for supersoft tyres, climbing up to 14th. Hamilton boxes for ultrasoft tyres and drops to 15th."
Lap 71,"[[{'subject': [{'driver': 'LEC'}], 'action': 'retire from', 'object': {'main': ['race']}}, {'subject': [{'other': 'his sauber car'}], 'action': 'be stationary', 'object': {'timing': ['start of lap']}}]]",Write a live blog post describing the following events in a Formula 1 race: Agent1 | driver | LEC [SEP] Action1 | retire from [SEP] Object1 | main | race [SEP] Agent2 | other | his sauber car [SEP] Action2 | be stationary [SEP] Object2 | timing | start of lap,"Leclerc has retired from the race, his sauber car is stationary at the start of the lap."
Lap 72,"[[{'subject': [{'driver': 'STR'}], 'action': 'fly', 'object': {'driver': ['HAR'], 'main': ['past']}}, {'subject': [{'driver': 'STR'}], 'action': 'move up', 'object': {'position': ['17']}}]]",Write a live blog post describing the following events in a Formula 1 race: Agent1 | driver | STR [SEP] Action1 | fly [SEP] Object1 | driver | HAR [SEP] Object1 | main | past [SEP] Agent2 | driver | STR [SEP] Action2 | move up [SEP] Object2 | position | 17,Stroll flies past Hulkenberg to move up to 17th.
Lap 72,"[[{'subject': [{'driver': 'HAR'}], 'action': 'stop', 'object': {'main': ['race']}}, {'subject': [{'other': 'his toro_rosso car'}], 'action': 'be stationary', 'object': {'timing': ['end of lap']}}]]",Write a live blog post describing the following events in a Formula 1 race: Agent1 | driver | HAR [SEP] Action1 | stop [SEP] Object1 | main | race [SEP] Agent2 | other | his toro_rosso car [SEP] Action2 | be stationary [SEP] Object2 | timing | end of lap,"Harmon stops the race, his Toro Rosso car is stationary at the end of the lap."
Lap 74,"[[{'subject': [{'other': 'virtual safety car'}], 'action': 'end', 'object': {'timing': ['this lap']}}]]",Write a live blog post describing the following events in a Formula 1 race: Agent1 | other | virtual safety car [SEP] Action1 | end [SEP] Object1 | timing | this lap,The virtual safety car has ended this lap.
Lap 75,"[[{'subject': [{'driver': 'SIR'}], 'action': 'get', 'object': {'main': ['blue flag'], 'timing': ['lap 75', '16:51:11']}}]]",Write a live blog post describing the following events in a Formula 1 race: Agent1 | driver | SIR [SEP] Action1 | get [SEP] Object1 | main | blue flag [SEP] Object1 | timing | lap 75 [SEP] Object1 | timing | 16:51:11,Sirotkin gets the blue flag on lap 75 with a time of 16:51:11.
Lap 75,"[[{'subject': [{'driver': 'ERI'}], 'action': 'close', 'object': {'main': ['gap to'], 'driver': ['SAI']}}, {'subject': [{'other': 'gap'}], 'action': 'be', 'object': {'main': ['only', '2.29'], 'driver': ['SAI'], 'timing': ['now']}}]]",Write a live blog post describing the following events in a Formula 1 race: Agent1 | driver | ERI [SEP] Action1 | close [SEP] Object1 | main | gap to [SEP] Object1 | driver | SAI [SEP] Agent2 | other | gap [SEP] Action2 | be [SEP] Object2 | main | only [SEP] Object2 | main | 2.29 [SEP] Object2 | driver | SAI [SEP] Object2 | timing | now,Erias closes the gap to Sainz to only 2.29s now.
Lap 77,"[[{'subject': [{'driver': 'LEC'}], 'action': 'approach', 'object': {'driver': ['STR']}}, {'subject': [{'other': 'gap'}], 'action': 'be', 'object': {'main': ['down to', '-6'], 'driver': ['STR'], 'timing': ['this lap']}}]]",Write a live blog post describing the following events in a Formula 1 race: Agent1 | driver | LEC [SEP] Action1 | approach [SEP] Object1 | driver | STR [SEP] Agent2 | other | gap [SEP] Action2 | be [SEP] Object2 | main | down to [SEP] Object2 | main | -6 [SEP] Object2 | driver | STR [SEP] Object2 | timing | this lap,Leclerc approaches Stroll and the gap is down to -6s this lap.
