Lap 1,"[{'subject': [{'driver': 'RAI'}], 'action': 'go', 'object': {'main': ['off track'], 'location': ['turn 4']}}, {'subject': [{'driver': 'RAI'}], 'action': 'continue', 'object': {}}]",Write a live blog post describing the following events in a Formula 1 race: Agent1 | driver | RAI [SEP] Action1 | go [SEP] Object1 | main | off track [SEP] Object1 | location | turn 4 [SEP] Agent2 | driver | RAI [SEP] Action2 | continue,"Raikkonen goes off the track at turn 4, but continues."
Lap 4,"[{'subject': [{'driver': 'RAI'}], 'action': 'fly', 'object': {'driver': ['KUB'], 'main': ['past']}}, {'subject': [{'driver': 'RAI'}], 'action': 'move up', 'object': {'position': ['18']}}]",Write a live blog post describing the following events in a Formula 1 race: Agent1 | driver | RAI [SEP] Action1 | fly [SEP] Object1 | driver | KUB [SEP] Object1 | main | past [SEP] Agent2 | driver | RAI [SEP] Action2 | move up [SEP] Object2 | position | 18,Raikkonen flies past Kubica to move up to 18th.
Lap 5,"[{'subject': [{'driver': 'NOR'}], 'action': 'fly', 'object': {'driver': ['GIO'], 'main': ['past']}}, {'subject': [{'driver': 'NOR'}], 'action': 'move up', 'object': {'position': ['15']}}]",Write a live blog post describing the following events in a Formula 1 race: Agent1 | driver | NOR [SEP] Action1 | fly [SEP] Object1 | driver | GIO [SEP] Object1 | main | past [SEP] Agent2 | driver | NOR [SEP] Action2 | move up [SEP] Object2 | position | 15,Norris flies past Giovinazzi to move up to 15th.
Lap 6,"[{'subject': [{'driver': 'GIO'}], 'action': 'pit', 'object': {'main': ['from P16', 'to undercut'], 'driver': ['NOR']}}, {'subject': [{'driver': 'NOR'}], 'action': 'be', 'object': {'main': ['still out']}}]",Write a live blog post describing the following events in a Formula 1 race: Agent1 | driver | GIO [SEP] Action1 | pit [SEP] Object1 | main | from P16 [SEP] Object1 | main | to undercut [SEP] Object1 | driver | NOR [SEP] Agent2 | driver | NOR [SEP] Action2 | be [SEP] Object2 | main | still out,"Giovinazzi pits from P16 to undercut Norris, who is still out."
Lap 7,"[{'subject': [{'driver': 'HAM'}], 'action': 'set', 'object': {'main': ['new fastest lap'], 'lap_time': ['82.254']}}]",Write a live blog post describing the following events in a Formula 1 race: Agent1 | driver | HAM [SEP] Action1 | set [SEP] Object1 | main | new fastest lap [SEP] Object1 | lap_time | 82.254,Hamilton sets a new fastest lap of 82.254s.
Lap 8,"[{'subject': [{'driver': 'RAI'}], 'action': 'catch', 'object': {'driver': ['HUL']}}, {'subject': [{'other': 'gap'}], 'action': 'decrease', 'object': {'main': ['to', '2.37'], 'driver': ['HUL'], 'timing': ['end of lap']}}]",Write a live blog post describing the following events in a Formula 1 race: Agent1 | driver | RAI [SEP] Action1 | catch [SEP] Object1 | driver | HUL [SEP] Agent2 | other | gap [SEP] Action2 | decrease [SEP] Object2 | main | to [SEP] Object2 | main | 2.37 [SEP] Object2 | driver | HUL [SEP] Object2 | timing | end of lap,Raikkonen has caught Hulkenberg to decrease the gap to 2.37s at the end of the lap.
Lap 9,"[{'subject': [{'driver': 'HUL'}], 'action': 'pass', 'object': {'driver': ['NOR']}}, {'subject': [{'driver': 'HUL'}], 'action': 'move up', 'object': {'position': ['15']}}]",Write a live blog post describing the following events in a Formula 1 race: Agent1 | driver | HUL [SEP] Action1 | pass [SEP] Object1 | driver | NOR [SEP] Agent2 | driver | HUL [SEP] Action2 | move up [SEP] Object2 | position | 15,Hulkenberg passes Norris to move up to 15th.
Lap 9,"[{'subject': [{'driver': 'HAM'}], 'action': 'set', 'object': {'main': ['new fastest lap'], 'lap_time': ['81.972']}}]",Write a live blog post describing the following events in a Formula 1 race: Agent1 | driver | HAM [SEP] Action1 | set [SEP] Object1 | main | new fastest lap [SEP] Object1 | lap_time | 81.972,Hamilton sets a new fastest lap of 81.972.
Lap 10,"[{'subject': [{'driver': 'RUS'}], 'action': 'pass', 'object': {'driver': ['KUB']}}, {'subject': [{'driver': 'RUS'}], 'action': 'move up', 'object': {'position': ['18']}}]",Write a live blog post describing the following events in a Formula 1 race: Agent1 | driver | RUS [SEP] Action1 | pass [SEP] Object1 | driver | KUB [SEP] Agent2 | driver | RUS [SEP] Action2 | move up [SEP] Object2 | position | 18,Russell passes Kubica to move up to 18th.
Lap 13,"[{'subject': [{'driver': 'HAM'}], 'action': 'set', 'object': {'main': ['new fastest lap'], 'lap_time': ['81.947']}}]",Write a live blog post describing the following events in a Formula 1 race: Agent1 | driver | HAM [SEP] Action1 | set [SEP] Object1 | main | new fastest lap [SEP] Object1 | lap_time | 81.947,Hamilton sets a new fastest lap of 81.947.
Lap 15,"[{'subject': [{'driver': 'HAM'}], 'action': 'set', 'object': {'main': ['new fastest lap'], 'lap_time': ['81.766']}}]",Write a live blog post describing the following events in a Formula 1 race: Agent1 | driver | HAM [SEP] Action1 | set [SEP] Object1 | main | new fastest lap [SEP] Object1 | lap_time | 81.766,Hamilton sets a new fastest lap of 81.766.
Lap 18,"[{'subject': [{'driver': 'GIO'}], 'action': 'catch', 'object': {'driver': ['KUB']}}, {'subject': [{'other': 'gap'}], 'action': 'be', 'object': {'main': ['down to', '0.72'], 'driver': ['KUB'], 'timing': ['currently']}}]",Write a live blog post describing the following events in a Formula 1 race: Agent1 | driver | GIO [SEP] Action1 | catch [SEP] Object1 | driver | KUB [SEP] Agent2 | other | gap [SEP] Action2 | be [SEP] Object2 | main | down to [SEP] Object2 | main | 0.72 [SEP] Object2 | driver | KUB [SEP] Object2 | timing | currently,"Giovinazzi is catching Kubica, who is down to 0.72s currently."
Lap 19,"[{'subject': [{'driver': 'VET'}], 'action': 'make', 'object': {'main': ['pitstop', 'for medium tyres']}}, {'subject': [{'driver': 'VET'}], 'action': 'drop to', 'object': {'position': ['7']}}]",Write a live blog post describing the following events in a Formula 1 race: Agent1 | driver | VET [SEP] Action1 | make [SEP] Object1 | main | pitstop [SEP] Object1 | main | for medium tyres [SEP] Agent2 | driver | VET [SEP] Action2 | drop to [SEP] Object2 | position | 7,Vettel makes a pitstop for medium tyres and drops to seventh.
Lap 19,"[{'subject': [{'driver': 'SAI'}], 'action': 'close', 'object': {'main': ['gap to'], 'driver': ['ALB']}}, {'subject': [{'other': 'gap'}], 'action': 'be', 'object': {'main': ['only', '1.31'], 'driver': ['ALB'], 'timing': ['currently']}}]",Write a live blog post describing the following events in a Formula 1 race: Agent1 | driver | SAI [SEP] Action1 | close [SEP] Object1 | main | gap to [SEP] Object1 | driver | ALB [SEP] Agent2 | other | gap [SEP] Action2 | be [SEP] Object2 | main | only [SEP] Object2 | main | 1.31 [SEP] Object2 | driver | ALB [SEP] Object2 | timing | currently,Sainz has closed the gap to Albon to only 1.31s currently.
Lap 20,"[{'subject': [{'driver': 'VER'}], 'action': 'enter', 'object': {'main': ['pits', 'for soft tyres']}}, {'subject': [{'driver': 'VER'}], 'action': 'drop to', 'object': {'position': ['5']}}]",Write a live blog post describing the following events in a Formula 1 race: Agent1 | driver | VER [SEP] Action1 | enter [SEP] Object1 | main | pits [SEP] Object1 | main | for soft tyres [SEP] Agent2 | driver | VER [SEP] Action2 | drop to [SEP] Object2 | position | 5,Verstappen pits for soft tyres and drops to fifth.
Lap 20,"[{'subject': [{'driver': 'VET'}], 'action': 'fly', 'object': {'driver': ['ALB'], 'main': ['past']}}, {'subject': [{'driver': 'VET'}], 'action': 'move up', 'object': {'position': ['9']}}]",Write a live blog post describing the following events in a Formula 1 race: Agent1 | driver | VET [SEP] Action1 | fly [SEP] Object1 | driver | ALB [SEP] Object1 | main | past [SEP] Agent2 | driver | VET [SEP] Action2 | move up [SEP] Object2 | position | 9,Vettel flies past Albon to move up to 9th.
Lap 21,"[{'subject': [{'driver': 'KVY'}], 'action': 'make', 'object': {'main': ['pitstop', 'for medium tyres']}}, {'subject': [{'driver': 'KVY'}], 'action': 'drop to', 'object': {'position': ['10']}}]",Write a live blog post describing the following events in a Formula 1 race: Agent1 | driver | KVY [SEP] Action1 | make [SEP] Object1 | main | pitstop [SEP] Object1 | main | for medium tyres [SEP] Agent2 | driver | KVY [SEP] Action2 | drop to [SEP] Object2 | position | 10,Kvyat makes a pitstop for medium tyres and drops to 10th.
Lap 22,"[{'subject': [{'driver': 'GAS'}], 'action': 'pit', 'object': {'main': ['from P4', 'to undercut'], 'driver': ['LEC']}}, {'subject': [{'driver': 'LEC'}], 'action': 'be', 'object': {'main': ['still out']}}, {'subject': [{'driver': 'STR'}], 'action': 'pit', 'object': {'main': ['for medium tyres']}}, {'subject': [{'driver': 'STR'}], 'action': 'drop to', 'object': {'position': ['16']}}]",Write a live blog post describing the following events in a Formula 1 race: Agent1 | driver | GAS [SEP] Action1 | pit [SEP] Object1 | main | from P4 [SEP] Object1 | main | to undercut [SEP] Object1 | driver | LEC [SEP] Agent2 | driver | LEC [SEP] Action2 | be [SEP] Object2 | main | still out [SEP] Agent3 | driver | STR [SEP] Action3 | pit [SEP] Object3 | main | for medium tyres [SEP] Agent4 | driver | STR [SEP] Action4 | drop to [SEP] Object4 | position | 16,"Gasly pits from P4 to undercut Leclerc, who is still out. Stroll pits for medium tyres and drops to 16th."
Lap 23,"[{'subject': [{'driver': 'MAG'}], 'action': 'make', 'object': {'main': ['pitstop', 'for soft tyres']}}, {'subject': [{'driver': 'MAG'}], 'action': 'drop to', 'object': {'position': ['12']}}]",Write a live blog post describing the following events in a Formula 1 race: Agent1 | driver | MAG [SEP] Action1 | make [SEP] Object1 | main | pitstop [SEP] Object1 | main | for soft tyres [SEP] Agent2 | driver | MAG [SEP] Action2 | drop to [SEP] Object2 | position | 12,Magnussen makes a pitstop for soft tyres and drops to 12th.
Lap 23,"[{'subject': [{'driver': 'GIO'}], 'action': 'fly', 'object': {'driver': ['RUS'], 'main': ['past']}}, {'subject': [{'driver': 'GIO'}], 'action': 'move up', 'object': {'position': ['18']}}]",Write a live blog post describing the following events in a Formula 1 race: Agent1 | driver | GIO [SEP] Action1 | fly [SEP] Object1 | driver | RUS [SEP] Object1 | main | past [SEP] Agent2 | driver | GIO [SEP] Action2 | move up [SEP] Object2 | position | 18,Giovinazzi flies past Russell to move up to 18th.
Lap 23,"[{'subject': [{'driver': 'PER'}], 'action': 'drive', 'object': {'main': ['on tail'], 'driver': ['of RIC']}}, {'subject': [{'driver': 'RIC'}], 'action': 'might lose', 'object': {'main': ['P10'], 'driver': ['to PER']}}]",Write a live blog post describing the following events in a Formula 1 race: Agent1 | driver | PER [SEP] Action1 | drive [SEP] Object1 | main | on tail [SEP] Object1 | driver | of RIC [SEP] Agent2 | driver | RIC [SEP] Action2 | might lose [SEP] Object2 | main | P10 [SEP] Object2 | driver | to PER,"Perez is driving on the tail of Ricciardo, who might lose P10 to Perez."
Lap 24,"[{'subject': [{'driver': 'SAI'}], 'action': 'come', 'object': {'main': ['in pits', 'for medium tyres']}}, {'subject': [{'driver': 'SAI'}], 'action': 'drop to', 'object': {'position': ['15']}}, {'subject': [{'driver': 'PER'}], 'action': 'stop', 'object': {'main': ['for soft tyres']}}, {'subject': [{'driver': 'PER'}], 'action': 'drop to', 'object': {'position': ['16']}}, {'subject': [{'driver': ['RIC']}], 'action': 'pit', 'object': {}}]",Write a live blog post describing the following events in a Formula 1 race: Agent1 | driver | SAI [SEP] Action1 | come [SEP] Object1 | main | in pits [SEP] Object1 | main | for medium tyres [SEP] Agent2 | driver | SAI [SEP] Action2 | drop to [SEP] Object2 | position | 15 [SEP] Agent3 | driver | PER [SEP] Action3 | stop [SEP] Object3 | main | for soft tyres [SEP] Agent4 | driver | PER [SEP] Action4 | drop to [SEP] Object4 | position | 16 [SEP] Agent5 | drivers | RIC [SEP] Action5 | pit,"Sainz comes in the pits for medium tyres, dropping to 15. Perez stops for soft tyres, and Ricciardo drops to 16."
Lap 24,"[{'subject': [{'driver': 'KVY'}], 'action': 'overtake', 'object': {'driver': ['RAI']}}, {'subject': [{'driver': 'KVY'}], 'action': 'move up', 'object': {'position': ['15']}}]",Write a live blog post describing the following events in a Formula 1 race: Agent1 | driver | KVY [SEP] Action1 | overtake [SEP] Object1 | driver | RAI [SEP] Agent2 | driver | KVY [SEP] Action2 | move up [SEP] Object2 | position | 15,Kvyat overtakes Raikkonen to move up to 15th.
Lap 24,"[{'subject': [{'driver': 'VET'}], 'action': 'close', 'object': {'main': ['gap to'], 'driver': ['GRO']}}, {'subject': [{'other': 'gap'}], 'action': 'be', 'object': {'main': ['only', '3.51'], 'driver': ['GRO'], 'timing': ['this lap']}}]",Write a live blog post describing the following events in a Formula 1 race: Agent1 | driver | VET [SEP] Action1 | close [SEP] Object1 | main | gap to [SEP] Object1 | driver | GRO [SEP] Agent2 | other | gap [SEP] Action2 | be [SEP] Object2 | main | only [SEP] Object2 | main | 3.51 [SEP] Object2 | driver | GRO [SEP] Object2 | timing | this lap,Vettel has closed the gap to Grosjean to only 3.51s this lap.
Lap 25,"[{'subject': [{'driver': 'LEC'}], 'action': 'enter', 'object': {'main': ['pits', 'for medium tyres']}}, {'subject': [{'driver': 'LEC'}], 'action': 'drop to', 'object': {'position': ['4']}}, {'subject': [{'driver': 'ALB'}], 'action': 'pit', 'object': {'main': ['for soft tyres']}}, {'subject': [{'driver': 'ALB'}], 'action': 'drop to', 'object': {'position': ['10']}}]",Write a live blog post describing the following events in a Formula 1 race: Agent1 | driver | LEC [SEP] Action1 | enter [SEP] Object1 | main | pits [SEP] Object1 | main | for medium tyres [SEP] Agent2 | driver | LEC [SEP] Action2 | drop to [SEP] Object2 | position | 4 [SEP] Agent3 | driver | ALB [SEP] Action3 | pit [SEP] Object3 | main | for soft tyres [SEP] Agent4 | driver | ALB [SEP] Action4 | drop to [SEP] Object4 | position | 10,"Leclerc pits for medium tyres, dropping to fourth. Albon pits for soft tyres and drops to 10th."
Lap 25,"[{'subject': [{'driver': 'RIC'}], 'action': 'pass', 'object': {'driver': ['RAI']}}, {'subject': [{'driver': 'RIC'}], 'action': 'move up', 'object': {'position': ['13']}}]",Write a live blog post describing the following events in a Formula 1 race: Agent1 | driver | RIC [SEP] Action1 | pass [SEP] Object1 | driver | RAI [SEP] Agent2 | driver | RIC [SEP] Action2 | move up [SEP] Object2 | position | 13,Ricciardo passes Raikkonen to move up to 13th.
Lap 25,"[{'subject': [{'driver': 'NOR'}], 'action': 'drive', 'object': {'main': ['on tail'], 'driver': ['of HUL']}}, {'subject': [{'driver': 'HUL'}], 'action': 'might lose', 'object': {'main': ['P8'], 'driver': ['to NOR']}}]",Write a live blog post describing the following events in a Formula 1 race: Agent1 | driver | NOR [SEP] Action1 | drive [SEP] Object1 | main | on tail [SEP] Object1 | driver | of HUL [SEP] Agent2 | driver | HUL [SEP] Action2 | might lose [SEP] Object2 | main | P8 [SEP] Object2 | driver | to NOR,"Norris is driving on the tail of Hulkenberg, who might lose P8 to Norris."
Lap 26,"[{'subject': [{'driver': 'NOR'}], 'action': 'make', 'object': {'main': ['pitstop', 'for soft tyres']}}, {'subject': [{'driver': 'NOR'}], 'action': 'drop to', 'object': {'position': ['17']}}, {'subject': [{'driver': 'GRO'}], 'action': 'make', 'object': {'main': ['pitstop', 'for medium tyres']}}, {'subject': [{'driver': 'GRO'}], 'action': 'drop to', 'object': {'position': ['7']}}, {'subject': [{'driver': ['BOT', 'HAM']}], 'action': 'pit', 'object': {}}]","Write a live blog post describing the following events in a Formula 1 race: Agent1 | driver | NOR [SEP] Action1 | make [SEP] Object1 | main | pitstop [SEP] Object1 | main | for soft tyres [SEP] Agent2 | driver | NOR [SEP] Action2 | drop to [SEP] Object2 | position | 17 [SEP] Agent3 | driver | GRO [SEP] Action3 | make [SEP] Object3 | main | pitstop [SEP] Object3 | main | for medium tyres [SEP] Agent4 | driver | GRO [SEP] Action4 | drop to [SEP] Object4 | position | 7 [SEP] Agent5 | drivers | BOT, HAM [SEP] Action5 | pit","Norris makes a pitstop for soft tyres, dropping to 17th. Grosjean makes a medium tyre pitstop and drops to 7th. Bottas, Hamilton and Verstappen also pit."
Lap 28,"[{'subject': [{'driver': 'RAI'}], 'action': 'pit', 'object': {'main': ['for medium tyres']}}, {'subject': [{'driver': 'RAI'}], 'action': 'drop to', 'object': {'position': ['17']}}]",Write a live blog post describing the following events in a Formula 1 race: Agent1 | driver | RAI [SEP] Action1 | pit [SEP] Object1 | main | for medium tyres [SEP] Agent2 | driver | RAI [SEP] Action2 | drop to [SEP] Object2 | position | 17,Raikkonen pits for medium tyres and drops to 17th.
Lap 28,"[{'subject': [{'driver': 'VET'}, {'driver': 'LEC'}], 'action': 'battle', 'object': {'main': ['for P4']}}, {'subject': [{'other': 'gap'}], 'action': 'be', 'object': {'main': ['down to'], 'gap': ['0.7s']}}]",Write a live blog post describing the following events in a Formula 1 race: Agent1 | driver | VET [SEP] Action1 | battle [SEP] Object1 | main | for P4 [SEP] Agent2 | other | gap [SEP] Action2 | be [SEP] Object2 | main | down to [SEP] Object2 | gap | 0.7s,Vettel battles for P4 and the gap is down to 0.7s.
Lap 29,"[{'subject': [{'driver': 'BOT'}], 'action': 'set', 'object': {'main': ['new fastest lap'], 'lap_time': ['80.857']}}]",Write a live blog post describing the following events in a Formula 1 race: Agent1 | driver | BOT [SEP] Action1 | set [SEP] Object1 | main | new fastest lap [SEP] Object1 | lap_time | 80.857,Bottas sets a new fastest lap of 80.857.
Lap 32,"[{'subject': [{'driver': 'KUB'}], 'action': 'box', 'object': {'main': ['for medium tyres']}}, {'subject': [{'driver': 'KUB'}], 'action': 'stay in', 'object': {'position': ['20']}}]",Write a live blog post describing the following events in a Formula 1 race: Agent1 | driver | KUB [SEP] Action1 | box [SEP] Object1 | main | for medium tyres [SEP] Agent2 | driver | KUB [SEP] Action2 | stay in [SEP] Object2 | position | 20,Kubica boxes for medium tyres and stays in 20th.
Lap 32,"[{'subject': [{'driver': 'MAG'}], 'action': 'overtake', 'object': {'driver': ['HUL']}}, {'subject': [{'driver': 'MAG'}], 'action': 'move up', 'object': {'position': ['8']}}]",Write a live blog post describing the following events in a Formula 1 race: Agent1 | driver | MAG [SEP] Action1 | overtake [SEP] Object1 | driver | HUL [SEP] Agent2 | driver | MAG [SEP] Action2 | move up [SEP] Object2 | position | 8,Magnussen overtakes Hulkenberg to move up to eighth.
Lap 33,"[{'subject': [{'driver': 'RUS'}], 'action': 'enter', 'object': {'main': ['pits', 'for medium tyres']}}, {'subject': [{'driver': 'RUS'}], 'action': 'stay in', 'object': {'position': ['19']}}]",Write a live blog post describing the following events in a Formula 1 race: Agent1 | driver | RUS [SEP] Action1 | enter [SEP] Object1 | main | pits [SEP] Object1 | main | for medium tyres [SEP] Agent2 | driver | RUS [SEP] Action2 | stay in [SEP] Object2 | position | 19,Russell pits for medium tyres and stays in 19th.
Lap 35,"[{'subject': [{'driver': 'HUL'}], 'action': 'come', 'object': {'main': ['in pits', 'for medium tyres']}}, {'subject': [{'driver': 'HUL'}], 'action': 'drop to', 'object': {'position': ['11']}}]",Write a live blog post describing the following events in a Formula 1 race: Agent1 | driver | HUL [SEP] Action1 | come [SEP] Object1 | main | in pits [SEP] Object1 | main | for medium tyres [SEP] Agent2 | driver | HUL [SEP] Action2 | drop to [SEP] Object2 | position | 11,Hulkenberg comes in the pits for medium tyres and drops to 11th.
Lap 35,"[{'subject': [{'driver': 'VET'}], 'action': 'fly', 'object': {'driver': ['LEC'], 'main': ['past']}}, {'subject': [{'driver': 'VET'}], 'action': 'move up', 'object': {'position': ['4']}}, {'subject': [{'driver': 'KVY'}], 'action': 'fly', 'object': {'driver': ['MAG'], 'main': ['past']}}, {'subject': [{'driver': 'KVY'}], 'action': 'move up', 'object': {'position': ['8']}}]",Write a live blog post describing the following events in a Formula 1 race: Agent1 | driver | VET [SEP] Action1 | fly [SEP] Object1 | driver | LEC [SEP] Object1 | main | past [SEP] Agent2 | driver | VET [SEP] Action2 | move up [SEP] Object2 | position | 4 [SEP] Agent3 | driver | KVY [SEP] Action3 | fly [SEP] Object3 | driver | MAG [SEP] Object3 | main | past [SEP] Agent4 | driver | KVY [SEP] Action4 | move up [SEP] Object4 | position | 8,"Vettel flies past Leclerc, moving up to 4th. Kvyat flies past Magnussen to move up to 8th."
Lap 37,"[{'subject': [{'driver': 'NOR'}], 'action': 'approach', 'object': {'driver': ['STR']}}, {'subject': [{'other': 'gap'}], 'action': 'be', 'object': {'main': ['down to', '1.24'], 'driver': ['STR'], 'timing': ['end of lap']}}]",Write a live blog post describing the following events in a Formula 1 race: Agent1 | driver | NOR [SEP] Action1 | approach [SEP] Object1 | driver | STR [SEP] Agent2 | other | gap [SEP] Action2 | be [SEP] Object2 | main | down to [SEP] Object2 | main | 1.24 [SEP] Object2 | driver | STR [SEP] Object2 | timing | end of lap,Norris approaches Stroll and the gap is down to 1.24s at the end of lap.
Lap 42,"[{'subject': [{'driver': 'GIO'}], 'action': 'make', 'object': {'main': ['pitstop', 'for hard tyres']}}, {'subject': [{'driver': 'GIO'}], 'action': 'stay in', 'object': {'position': ['18']}}]",Write a live blog post describing the following events in a Formula 1 race: Agent1 | driver | GIO [SEP] Action1 | make [SEP] Object1 | main | pitstop [SEP] Object1 | main | for hard tyres [SEP] Agent2 | driver | GIO [SEP] Action2 | stay in [SEP] Object2 | position | 18,Giovinazzi makes a pitstop for hard tyres and stays in 18th.
Lap 42,"[{'subject': [{'driver': 'STR'}], 'action': 'close', 'object': {'main': ['gap to'], 'driver': ['PER']}}, {'subject': [{'other': 'gap'}], 'action': 'be', 'object': {'main': ['only', '1.29'], 'driver': ['PER'], 'timing': ['end of lap']}}]",Write a live blog post describing the following events in a Formula 1 race: Agent1 | driver | STR [SEP] Action1 | close [SEP] Object1 | main | gap to [SEP] Object1 | driver | PER [SEP] Agent2 | other | gap [SEP] Action2 | be [SEP] Object2 | main | only [SEP] Object2 | main | 1.29 [SEP] Object2 | driver | PER [SEP] Object2 | timing | end of lap,Stroll has closed the gap to Perez to only 1.29s at the end of the lap.
Lap 43,"[{'subject': [{'driver': 'VER'}], 'action': 'come', 'object': {'main': ['in pits', 'for medium tyres']}}, {'subject': [{'driver': 'VER'}], 'action': 'drop to', 'object': {'position': ['4']}}]",Write a live blog post describing the following events in a Formula 1 race: Agent1 | driver | VER [SEP] Action1 | come [SEP] Object1 | main | in pits [SEP] Object1 | main | for medium tyres [SEP] Agent2 | driver | VER [SEP] Action2 | drop to [SEP] Object2 | position | 4,Verstappen comes in for medium tyres and drops to fourth.
Lap 45,"[{'subject': [{'driver': 'ALB'}], 'action': 'box', 'object': {'main': ['for medium tyres']}}, {'subject': [{'driver': 'ALB'}], 'action': 'drop to', 'object': {'position': ['11']}}, {'subject': [{'driver': 'BOT'}], 'action': 'come', 'object': {'main': ['in pits', 'for soft tyres']}}, {'subject': [{'driver': 'BOT'}], 'action': 'stay in', 'object': {'position': ['2']}}, {'subject': [{'driver': ['HAM', 'MAG', 'KVY', 'RIC']}], 'action': 'pit', 'object': {}}]","Write a live blog post describing the following events in a Formula 1 race: Agent1 | driver | ALB [SEP] Action1 | box [SEP] Object1 | main | for medium tyres [SEP] Agent2 | driver | ALB [SEP] Action2 | drop to [SEP] Object2 | position | 11 [SEP] Agent3 | driver | BOT [SEP] Action3 | come [SEP] Object3 | main | in pits [SEP] Object3 | main | for soft tyres [SEP] Agent4 | driver | BOT [SEP] Action4 | stay in [SEP] Object4 | position | 2 [SEP] Agent5 | drivers | HAM, MAG, KVY, RIC [SEP] Action5 | pit","Albon boxes for medium tyres and drops to 11th. Bottas comes in the pits for soft tyres and stays in 2nd. Hamilton, Magnussen, Kvyat, Ricciardo, Stroll all pit."
Lap 45,"[{'subject': [{'driver': 'LEC'}], 'action': 'approach', 'object': {'driver': ['BOT']}}, {'subject': [{'other': 'gap'}], 'action': 'decrease', 'object': {'main': ['to', '1.23'], 'driver': ['BOT'], 'timing': ['end of lap']}}]",Write a live blog post describing the following events in a Formula 1 race: Agent1 | driver | LEC [SEP] Action1 | approach [SEP] Object1 | driver | BOT [SEP] Agent2 | other | gap [SEP] Action2 | decrease [SEP] Object2 | main | to [SEP] Object2 | main | 1.23 [SEP] Object2 | driver | BOT [SEP] Object2 | timing | end of lap,Leclerc approaches Bottas to decrease the gap to 1.23s at the end of the lap.
Lap 46,"[{'subject': [{'driver': 'PER'}], 'action': 'come', 'object': {'main': ['in pits', 'for soft tyres']}}, {'subject': [{'driver': 'PER'}], 'action': 'drop to', 'object': {'position': ['14']}}, {'subject': [{'driver': 'LEC'}], 'action': 'come', 'object': {'main': ['in pits', 'for medium tyres']}}, {'subject': [{'driver': 'LEC'}], 'action': 'stay in', 'object': {'position': ['3']}}, {'subject': [{'driver': ['GAS', 'GRO', 'SAI', 'RAI', 'KUB', 'RUS']}], 'action': 'pit', 'object': {}}]","Write a live blog post describing the following events in a Formula 1 race: Agent1 | driver | PER [SEP] Action1 | come [SEP] Object1 | main | in pits [SEP] Object1 | main | for soft tyres [SEP] Agent2 | driver | PER [SEP] Action2 | drop to [SEP] Object2 | position | 14 [SEP] Agent3 | driver | LEC [SEP] Action3 | come [SEP] Object3 | main | in pits [SEP] Object3 | main | for medium tyres [SEP] Agent4 | driver | LEC [SEP] Action4 | stay in [SEP] Object4 | position | 3 [SEP] Agent5 | drivers | GAS, GRO, SAI, RAI, KUB, RUS [SEP] Action5 | pit","Perez pits for soft tyres and drops to 14th. Leclerc comes in for medium tyres and stays in 3rd. Gasly, Sainz, Raikkonen, Kubica, Russell and Russell also pit."
Lap 46,"[{'subject': [{'other': 'safety car'}], 'action': 'deploy', 'object': {'timing': ['lap 46']}}]",Write a live blog post describing the following events in a Formula 1 race: Agent1 | other | safety car [SEP] Action1 | deploy [SEP] Object1 | timing | lap 46,The safety car is deployed on lap 46.
Lap 46,"[{'subject': [{'driver': 'NOR'}], 'action': 'retire from', 'object': {'main': ['race']}}, {'subject': [{'other': 'his mclaren car'}], 'action': 'stop', 'object': {'timing': ['beginning of lap']}}, {'subject': [{'driver': 'STR'}], 'action': 'be out of', 'object': {'main': ['race']}}, {'subject': [{'other': 'his racing_point car'}], 'action': 'give up', 'object': {'timing': ['beginning of lap']}}]",Write a live blog post describing the following events in a Formula 1 race: Agent1 | driver | NOR [SEP] Action1 | retire from [SEP] Object1 | main | race [SEP] Agent2 | other | his mclaren car [SEP] Action2 | stop [SEP] Object2 | timing | beginning of lap [SEP] Agent3 | driver | STR [SEP] Action3 | be out of [SEP] Object3 | main | race [SEP] Agent4 | other | his racing_point car [SEP] Action4 | give up [SEP] Object4 | timing | beginning of lap,"Norris retires from the race, having stopped his mclaren car at the beginning of the lap. Stroll is out of the race too, having given up his racing-point car."
Lap 46,"[{'subject': [{'other': 'fia'}], 'action': 'wave', 'object': {'main': ['yellow flag'], 'location': ['sector 2']}}, {'subject': [{'other': 'stewards'}], 'action': 'wave', 'object': {'main': ['yellow flag'], 'location': ['sector 3']}}, {'subject': [{'other': 'stewards'}], 'action': 'wave', 'object': {'main': ['double yellow flag'], 'location': ['sector 3']}}]",Write a live blog post describing the following events in a Formula 1 race: Agent1 | other | fia [SEP] Action1 | wave [SEP] Object1 | main | yellow flag [SEP] Object1 | location | sector 2 [SEP] Agent2 | other | stewards [SEP] Action2 | wave [SEP] Object2 | main | yellow flag [SEP] Object2 | location | sector 3 [SEP] Agent3 | other | stewards [SEP] Action3 | wave [SEP] Object3 | main | double yellow flag [SEP] Object3 | location | sector 3,The stewards have waved a yellow flag for sector 2 and sector 3. They have also double the yellow flag in sector 4.
Lap 47,"[{'subject': [{'driver': 'LEC'}], 'action': 'catch', 'object': {'driver': ['VET']}}, {'subject': [{'other': 'gap'}], 'action': 'decrease', 'object': {'main': ['to', '0.89'], 'driver': ['VET'], 'timing': ['currently']}}]",Write a live blog post describing the following events in a Formula 1 race: Agent1 | driver | LEC [SEP] Action1 | catch [SEP] Object1 | driver | VET [SEP] Agent2 | other | gap [SEP] Action2 | decrease [SEP] Object2 | main | to [SEP] Object2 | main | 0.89 [SEP] Object2 | driver | VET [SEP] Object2 | timing | currently,Leclerc has caught Vettel and reduced the gap to 0.89s currently.
Lap 48,"[{'subject': [{'driver': 'VER'}], 'action': 'catch', 'object': {'driver': ['BOT']}}, {'subject': [{'other': 'gap'}], 'action': 'decrease', 'object': {'main': ['to', '0.74'], 'driver': ['BOT'], 'timing': ['now']}}]",Write a live blog post describing the following events in a Formula 1 race: Agent1 | driver | VER [SEP] Action1 | catch [SEP] Object1 | driver | BOT [SEP] Agent2 | other | gap [SEP] Action2 | decrease [SEP] Object2 | main | to [SEP] Object2 | main | 0.74 [SEP] Object2 | driver | BOT [SEP] Object2 | timing | now,Verstappen has caught Bottas and the gap has decreased to 0.74s now.
Lap 49,"[{'subject': [{'driver': 'MAG'}], 'action': 'approach', 'object': {'driver': ['GRO']}}, {'subject': [{'other': 'gap'}], 'action': 'decrease', 'object': {'main': ['to', '1.15'], 'driver': ['GRO'], 'timing': ['now']}}]",Write a live blog post describing the following events in a Formula 1 race: Agent1 | driver | MAG [SEP] Action1 | approach [SEP] Object1 | driver | GRO [SEP] Agent2 | other | gap [SEP] Action2 | decrease [SEP] Object2 | main | to [SEP] Object2 | main | 1.15 [SEP] Object2 | driver | GRO [SEP] Object2 | timing | now,Magnussen approaches Grosjean and the gap has decreased to 1.15s now.
Lap 50,"[{'subject': [{'other': 'lapped cars'}], 'action': 'overtake', 'object': {'main': ['now'], 'info': ['3,7,11,23,27,63,88,99']}}]","Write a live blog post describing the following events in a Formula 1 race: Agent1 | other | lapped cars [SEP] Action1 | overtake [SEP] Object1 | main | now [SEP] Object1 | info | 3,7,11,23,27,63,88,99","The lapped cars are now 3,7,11,23,27,63,88,99."
Lap 51,"[{'subject': [{'other': 'track'}], 'action': 'be', 'object': {'main': ['clear'], 'location': ['sector 2']}}]",Write a live blog post describing the following events in a Formula 1 race: Agent1 | other | track [SEP] Action1 | be [SEP] Object1 | main | clear [SEP] Object1 | location | sector 2,The track is clear from sector 2.
Lap 52,"[{'subject': [{'driver': 'MAG'}], 'action': 'overtake', 'object': {'driver': ['GRO']}}, {'subject': [{'driver': 'MAG'}], 'action': 'move up', 'object': {'position': ['7']}}, {'subject': [{'driver': 'SAI'}], 'action': 'pass', 'object': {'driver': ['KVY']}}, {'subject': [{'driver': 'SAI'}], 'action': 'move up', 'object': {'position': ['9']}}]",Write a live blog post describing the following events in a Formula 1 race: Agent1 | driver | MAG [SEP] Action1 | overtake [SEP] Object1 | driver | GRO [SEP] Agent2 | driver | MAG [SEP] Action2 | move up [SEP] Object2 | position | 7 [SEP] Agent3 | driver | SAI [SEP] Action3 | pass [SEP] Object3 | driver | KVY [SEP] Agent4 | driver | SAI [SEP] Action4 | move up [SEP] Object4 | position | 9,Magnussen overtakes Grosjean to move up to seventh. Sainz passes Kvyat and moves up to ninth.
Lap 52,"[{'subject': [{'car': 'safety car'}], 'action': 'will come', 'object': {'main': ['in pits'], 'timing': ['end of lap']}}, {'subject': [{'other': 'race'}], 'action': 'restart', 'object': {'main': ['soon']}}]",Write a live blog post describing the following events in a Formula 1 race: Agent1 | car | safety car [SEP] Action1 | will come [SEP] Object1 | main | in pits [SEP] Object1 | timing | end of lap [SEP] Agent2 | other | race [SEP] Action2 | restart [SEP] Object2 | main | soon,The safety car will come in the pits at the end of the race. The restart will be soon.
Lap 54,"[{'subject': [{'other': 'fia'}], 'action': 'investigate', 'object': {'main': ['incident'], 'driver': ['NOR', 'STR'], 'location': ['turn 2'], 'timing': ['after race']}}]",Write a live blog post describing the following events in a Formula 1 race: Agent1 | other | fia [SEP] Action1 | investigate [SEP] Object1 | main | incident [SEP] Object1 | driver | NOR [SEP] Object1 | driver | STR [SEP] Object1 | location | turn 2 [SEP] Object1 | timing | after race,The FIA is investigating the incident between Norris and Stroll after the race.
Lap 55,"[{'subject': [{'driver': 'RIC'}], 'action': 'pass', 'object': {'driver': ['HUL']}}, {'subject': [{'driver': 'RIC'}], 'action': 'move up', 'object': {'position': ['12']}}]",Write a live blog post describing the following events in a Formula 1 race: Agent1 | driver | RIC [SEP] Action1 | pass [SEP] Object1 | driver | HUL [SEP] Agent2 | driver | RIC [SEP] Action2 | move up [SEP] Object2 | position | 12,Ricciardo passes Hulkenberg to move up to 12th.
Lap 56,"[{'subject': [{'driver': 'RAI'}], 'action': 'overtake', 'object': {'driver': ['PER']}}, {'subject': [{'driver': 'RAI'}], 'action': 'move up', 'object': {'position': ['14']}}]",Write a live blog post describing the following events in a Formula 1 race: Agent1 | driver | RAI [SEP] Action1 | overtake [SEP] Object1 | driver | PER [SEP] Agent2 | driver | RAI [SEP] Action2 | move up [SEP] Object2 | position | 14,Raikkonen overtakes Perez to move up to 14th.
Lap 56,"[{'subject': [{'driver': 'SAI'}], 'action': 'catch', 'object': {'driver': ['GRO']}}, {'subject': [{'other': 'gap'}], 'action': 'be', 'object': {'main': ['only', '0.65'], 'driver': ['GRO'], 'timing': ['end of lap']}}]",Write a live blog post describing the following events in a Formula 1 race: Agent1 | driver | SAI [SEP] Action1 | catch [SEP] Object1 | driver | GRO [SEP] Agent2 | other | gap [SEP] Action2 | be [SEP] Object2 | main | only [SEP] Object2 | main | 0.65 [SEP] Object2 | driver | GRO [SEP] Object2 | timing | end of lap,"Sainz is catching Grosjean, but the gap is only 0.65s at the end of the lap."
Lap 58,"[{'subject': [{'driver': 'SAI'}], 'action': 'overtake', 'object': {'driver': ['GRO']}}, {'subject': [{'driver': 'SAI'}], 'action': 'move up', 'object': {'position': ['8']}}]",Write a live blog post describing the following events in a Formula 1 race: Agent1 | driver | SAI [SEP] Action1 | overtake [SEP] Object1 | driver | GRO [SEP] Agent2 | driver | SAI [SEP] Action2 | move up [SEP] Object2 | position | 8,Sainz overtakes Grosjean to move up to eighth.
Lap 60,"[{'subject': [{'driver': 'KVY'}], 'action': 'overtake', 'object': {'driver': ['GRO']}}, {'subject': [{'driver': 'KVY'}], 'action': 'move up', 'object': {'position': ['9']}}]",Write a live blog post describing the following events in a Formula 1 race: Agent1 | driver | KVY [SEP] Action1 | overtake [SEP] Object1 | driver | GRO [SEP] Agent2 | driver | KVY [SEP] Action2 | move up [SEP] Object2 | position | 9,Kvyat overtakes Grosjean to move up to 9th.
Lap 60,"[{'subject': [{'other': 'fia'}], 'action': 'note', 'object': {'main': ['incident'], 'driver': ['GRO', 'SAI'], 'location': ['turn 1']}}]",Write a live blog post describing the following events in a Formula 1 race: Agent1 | other | fia [SEP] Action1 | note [SEP] Object1 | main | incident [SEP] Object1 | driver | GRO [SEP] Object1 | driver | SAI [SEP] Object1 | location | turn 1,Grosjean and Sainz have both been taken out of the race after an incident at Turn 1.
Lap 64,"[{'subject': [{'driver': 'GIO'}], 'action': 'be threathening', 'object': {'driver': ['PER'], 'main': ['for position']}}, {'subject': [{'driver': 'GIO'}], 'action': 'be', 'object': {'main': ['0.6s behind'], 'driver': ['PER'], 'position': ['15']}}]",Write a live blog post describing the following events in a Formula 1 race: Agent1 | driver | GIO [SEP] Action1 | be threathening [SEP] Object1 | driver | PER [SEP] Object1 | main | for position [SEP] Agent2 | driver | GIO [SEP] Action2 | be [SEP] Object2 | main | 0.6s behind [SEP] Object2 | driver | PER [SEP] Object2 | position | 15,"Giovinazzi is threatening Perez for position. He's 0.6s behind, and Perez is 15th."
