Lap 1,"[{'subject': [{'other': 'race control'}], 'action': 'wave', 'object': {'main': ['double yellow flag'], 'location': ['sector 3']}}]",Write a live blog post describing the following events in a Formula 1 race: Agent1 | other | race control [SEP] Action1 | wave [SEP] Object1 | main | double yellow flag [SEP] Object1 | location | sector 3,The race control team has waved a double yellow flag for sector 3.
Lap 3,"[{'subject': [{'driver': 'OCO'}], 'action': 'enter', 'object': {'main': ['pits', 'for hard tyres']}}, {'subject': [{'driver': 'OCO'}], 'action': 'drop to', 'object': {'position': ['19']}}]",Write a live blog post describing the following events in a Formula 1 race: Agent1 | driver | OCO [SEP] Action1 | enter [SEP] Object1 | main | pits [SEP] Object1 | main | for hard tyres [SEP] Agent2 | driver | OCO [SEP] Action2 | drop to [SEP] Object2 | position | 19,Ocon pits for hard tyres and drops to 19th.
Lap 4,"[{'subject': [{'driver': 'OCO'}], 'action': 'enter', 'object': {'main': ['pits', 'for hard tyres']}}, {'subject': [{'driver': 'OCO'}], 'action': 'stay in', 'object': {'position': ['20']}}]",Write a live blog post describing the following events in a Formula 1 race: Agent1 | driver | OCO [SEP] Action1 | enter [SEP] Object1 | main | pits [SEP] Object1 | main | for hard tyres [SEP] Agent2 | driver | OCO [SEP] Action2 | stay in [SEP] Object2 | position | 20,Ocon pits for hard tyres and stays in 20th.
Lap 4,"[{'subject': [{'driver': 'OCO'}], 'action': 'fly', 'object': {'driver': ['MAZ'], 'main': ['past']}}, {'subject': [{'driver': 'OCO'}], 'action': 'move up', 'object': {'position': ['19']}}, {'subject': [{'driver': 'MAZ'}], 'action': 'overtake', 'object': {'driver': ['OCO']}}, {'subject': [{'driver': 'MAZ'}], 'action': 'move up', 'object': {'position': ['19']}}]",Write a live blog post describing the following events in a Formula 1 race: Agent1 | driver | OCO [SEP] Action1 | fly [SEP] Object1 | driver | MAZ [SEP] Object1 | main | past [SEP] Agent2 | driver | OCO [SEP] Action2 | move up [SEP] Object2 | position | 19 [SEP] Agent3 | driver | MAZ [SEP] Action3 | overtake [SEP] Object3 | driver | OCO [SEP] Agent4 | driver | MAZ [SEP] Action4 | move up [SEP] Object4 | position | 19,"Ocon flies past Magnussen to move up to 19th, as Perez overtakes him."
Lap 5,"[{'subject': [{'driver': 'LAT'}], 'action': 'come', 'object': {'main': ['in pits', 'for hard tyres']}}, {'subject': [{'driver': 'LAT'}], 'action': 'stay in', 'object': {'position': ['18']}}]",Write a live blog post describing the following events in a Formula 1 race: Agent1 | driver | LAT [SEP] Action1 | come [SEP] Object1 | main | in pits [SEP] Object1 | main | for hard tyres [SEP] Agent2 | driver | LAT [SEP] Action2 | stay in [SEP] Object2 | position | 18,Latifi comes in the pits for hard tyres and stays in 18th.
Lap 6,"[{'subject': [{'driver': 'ALO'}], 'action': 'have', 'object': {'main': ['DRS advantage'], 'driver': ['on VET']}}, {'subject': [{'driver': 'VET'}], 'action': 'might lose', 'object': {'main': ['P14'], 'driver': ['to ALO']}}]",Write a live blog post describing the following events in a Formula 1 race: Agent1 | driver | ALO [SEP] Action1 | have [SEP] Object1 | main | DRS advantage [SEP] Object1 | driver | on VET [SEP] Agent2 | driver | VET [SEP] Action2 | might lose [SEP] Object2 | main | P14 [SEP] Object2 | driver | to ALO,"Alonso has a DRS advantage on Vettel, who might lose P14 to Alonso."
Lap 7,"[{'subject': [{'driver': 'ALO'}], 'action': 'pit', 'object': {'main': ['for hard tyres']}}, {'subject': [{'driver': 'ALO'}], 'action': 'drop to', 'object': {'position': ['17']}}]",Write a live blog post describing the following events in a Formula 1 race: Agent1 | driver | ALO [SEP] Action1 | pit [SEP] Object1 | main | for hard tyres [SEP] Agent2 | driver | ALO [SEP] Action2 | drop to [SEP] Object2 | position | 17,Alonso pits for hard tyres and drops to 17th.
Lap 7,"[{'subject': [{'driver': 'NOR'}], 'action': 'fly', 'object': {'driver': ['SAI'], 'main': ['past']}}, {'subject': [{'driver': 'NOR'}], 'action': 'move up', 'object': {'position': ['6']}}, {'subject': [{'driver': 'SAI'}], 'action': 'pass', 'object': {'driver': ['NOR']}}, {'subject': [{'driver': 'SAI'}], 'action': 'move up', 'object': {'position': ['6']}}]",Write a live blog post describing the following events in a Formula 1 race: Agent1 | driver | NOR [SEP] Action1 | fly [SEP] Object1 | driver | SAI [SEP] Object1 | main | past [SEP] Agent2 | driver | NOR [SEP] Action2 | move up [SEP] Object2 | position | 6 [SEP] Agent3 | driver | SAI [SEP] Action3 | pass [SEP] Object3 | driver | NOR [SEP] Agent4 | driver | SAI [SEP] Action4 | move up [SEP] Object4 | position | 6,Norris flies past Sainz to move up to sixth.
Lap 8,"[{'subject': [{'driver': 'GIO'}], 'action': 'stop', 'object': {'main': ['for medium tyres']}}, {'subject': [{'driver': 'GIO'}], 'action': 'stay in', 'object': {'position': ['11']}}]",Write a live blog post describing the following events in a Formula 1 race: Agent1 | driver | GIO [SEP] Action1 | stop [SEP] Object1 | main | for medium tyres [SEP] Agent2 | driver | GIO [SEP] Action2 | stay in [SEP] Object2 | position | 11,Giovinazzi stops for medium tyres and stays in 11th.
Lap 9,"[{'subject': [{'driver': 'RUS'}], 'action': 'make', 'object': {'main': ['pitstop', 'for hard tyres']}}, {'subject': [{'driver': 'RUS'}], 'action': 'drop to', 'object': {'position': ['17']}}, {'subject': [{'driver': 'TSU'}], 'action': 'pit', 'object': {'main': ['from P8', 'to undercut'], 'driver': ['NOR']}}, {'subject': [{'driver': 'NOR'}], 'action': 'be', 'object': {'main': ['still out']}}, {'subject': [{'driver': ['GIO']}], 'action': 'pit', 'object': {}}]",Write a live blog post describing the following events in a Formula 1 race: Agent1 | driver | RUS [SEP] Action1 | make [SEP] Object1 | main | pitstop [SEP] Object1 | main | for hard tyres [SEP] Agent2 | driver | RUS [SEP] Action2 | drop to [SEP] Object2 | position | 17 [SEP] Agent3 | driver | TSU [SEP] Action3 | pit [SEP] Object3 | main | from P8 [SEP] Object3 | main | to undercut [SEP] Object3 | driver | NOR [SEP] Agent4 | driver | NOR [SEP] Action4 | be [SEP] Object4 | main | still out [SEP] Agent5 | drivers | GIO [SEP] Action5 | pit,"Russell makes a pitstop for hard tyres, dropping to 17th. Tsunoda pits from P8 to undercut Norris. Giovinazzi is still out."
Lap 9,"[{'subject': [{'driver': 'OCO'}], 'action': 'fly', 'object': {'driver': ['MAZ'], 'main': ['past']}}, {'subject': [{'driver': 'OCO'}], 'action': 'move up', 'object': {'position': ['19']}}]",Write a live blog post describing the following events in a Formula 1 race: Agent1 | driver | OCO [SEP] Action1 | fly [SEP] Object1 | driver | MAZ [SEP] Object1 | main | past [SEP] Agent2 | driver | OCO [SEP] Action2 | move up [SEP] Object2 | position | 19,Ocon flies past Magnussen to move up to 19th.
Lap 9,"[{'subject': [{'driver': 'MAZ'}], 'action': 'approach', 'object': {'driver': ['LAT']}}, {'subject': [{'other': 'gap'}], 'action': 'be', 'object': {'main': ['down to', '1.29'], 'driver': ['LAT'], 'timing': ['this lap']}}]",Write a live blog post describing the following events in a Formula 1 race: Agent1 | driver | MAZ [SEP] Action1 | approach [SEP] Object1 | driver | LAT [SEP] Agent2 | other | gap [SEP] Action2 | be [SEP] Object2 | main | down to [SEP] Object2 | main | 1.29 [SEP] Object2 | driver | LAT [SEP] Object2 | timing | this lap,"Maiz is approaching Latifi, who is down to 1.29s this lap."
Lap 10,"[{'subject': [{'driver': 'VER'}], 'action': 'come', 'object': {'main': ['in pits', 'for hard tyres']}}, {'subject': [{'driver': 'VER'}], 'action': 'stay in', 'object': {'position': ['2']}}, {'subject': [{'driver': 'NOR'}], 'action': 'pit', 'object': {'main': ['from P7', 'to undercut'], 'driver': ['SAI']}}, {'subject': [{'driver': 'SAI'}], 'action': 'be', 'object': {'main': ['still out']}}, {'subject': [{'driver': ['GAS', 'TSU', 'RUS']}], 'action': 'pit', 'object': {}}]","Write a live blog post describing the following events in a Formula 1 race: Agent1 | driver | VER [SEP] Action1 | come [SEP] Object1 | main | in pits [SEP] Object1 | main | for hard tyres [SEP] Agent2 | driver | VER [SEP] Action2 | stay in [SEP] Object2 | position | 2 [SEP] Agent3 | driver | NOR [SEP] Action3 | pit [SEP] Object3 | main | from P7 [SEP] Object3 | main | to undercut [SEP] Object3 | driver | SAI [SEP] Agent4 | driver | SAI [SEP] Action4 | be [SEP] Object4 | main | still out [SEP] Agent5 | drivers | GAS, TSU, RUS [SEP] Action5 | pit","Verstappen comes in for hard tyres and stays in 2nd. Norris pits from P7 to undercut Sainz, who is still out. Gasly, Tsunoda, Russell and Russell also pit."
Lap 10,"[{'subject': [{'driver': 'VER'}], 'action': 'fly', 'object': {'driver': ['RIC'], 'main': ['past']}}, {'subject': [{'driver': 'VER'}], 'action': 'move up', 'object': {'position': ['4']}}]",Write a live blog post describing the following events in a Formula 1 race: Agent1 | driver | VER [SEP] Action1 | fly [SEP] Object1 | driver | RIC [SEP] Object1 | main | past [SEP] Agent2 | driver | VER [SEP] Action2 | move up [SEP] Object2 | position | 4,Verstappen flies past Ricciardo to move up to fourth.
Lap 10,"[{'subject': [{'driver': 'TSU'}], 'action': 'be threathening', 'object': {'driver': ['MSC'], 'main': ['for position']}}, {'subject': [{'driver': 'TSU'}], 'action': 'be', 'object': {'main': ['0.0s behind'], 'driver': ['MSC'], 'position': ['12']}}]",Write a live blog post describing the following events in a Formula 1 race: Agent1 | driver | TSU [SEP] Action1 | be threathening [SEP] Object1 | driver | MSC [SEP] Object1 | main | for position [SEP] Agent2 | driver | TSU [SEP] Action2 | be [SEP] Object2 | main | 0.0s behind [SEP] Object2 | driver | MSC [SEP] Object2 | position | 12,Tsuoda is threatening Schumacher for position. He's 0.0s behind and 12s behind.
Lap 11,"[{'subject': [{'driver': 'MSC'}], 'action': 'come', 'object': {'main': ['in pits', 'for hard tyres']}}, {'subject': [{'driver': 'MSC'}], 'action': 'drop to', 'object': {'position': ['17']}}, {'subject': [{'driver': 'SAI'}], 'action': 'make', 'object': {'main': ['pitstop', 'for hard tyres']}}, {'subject': [{'driver': 'SAI'}], 'action': 'stay in', 'object': {'position': ['6']}}, {'subject': [{'driver': ['RIC']}], 'action': 'pit', 'object': {}}]",Write a live blog post describing the following events in a Formula 1 race: Agent1 | driver | MSC [SEP] Action1 | come [SEP] Object1 | main | in pits [SEP] Object1 | main | for hard tyres [SEP] Agent2 | driver | MSC [SEP] Action2 | drop to [SEP] Object2 | position | 17 [SEP] Agent3 | driver | SAI [SEP] Action3 | make [SEP] Object3 | main | pitstop [SEP] Object3 | main | for hard tyres [SEP] Agent4 | driver | SAI [SEP] Action4 | stay in [SEP] Object4 | position | 6 [SEP] Agent5 | drivers | RIC [SEP] Action5 | pit,"Schumacher comes in the pits for hard tyres, dropping to 17th. Sainz makes a pitstop for the hard tyres and stays in sixth. Ricciardo pits."
Lap 12,"[{'subject': [{'driver': 'PER'}], 'action': 'pit', 'object': {'main': ['for medium tyres']}}, {'subject': [{'driver': 'PER'}], 'action': 'drop to', 'object': {'position': ['3']}}, {'subject': [{'driver': 'LEC'}], 'action': 'pit', 'object': {'main': ['for hard tyres']}}, {'subject': [{'driver': 'LEC'}], 'action': 'drop to', 'object': {'position': ['4']}}, {'subject': [{'driver': ['HAM', 'RAI']}], 'action': 'pit', 'object': {}}]","Write a live blog post describing the following events in a Formula 1 race: Agent1 | driver | PER [SEP] Action1 | pit [SEP] Object1 | main | for medium tyres [SEP] Agent2 | driver | PER [SEP] Action2 | drop to [SEP] Object2 | position | 3 [SEP] Agent3 | driver | LEC [SEP] Action3 | pit [SEP] Object3 | main | for hard tyres [SEP] Agent4 | driver | LEC [SEP] Action4 | drop to [SEP] Object4 | position | 4 [SEP] Agent5 | drivers | HAM, RAI [SEP] Action5 | pit","Perez pits for medium tyres, dropping to 3rd. Leclerc pits for hard tyres and drops to 4th. Hamilton, Raikkonen and Verstappen also pit."
Lap 12,"[{'subject': [{'driver': 'LEC'}], 'action': 'overtake', 'object': {'driver': ['BOT']}}, {'subject': [{'driver': 'LEC'}], 'action': 'move up', 'object': {'position': ['4']}}]",Write a live blog post describing the following events in a Formula 1 race: Agent1 | driver | LEC [SEP] Action1 | overtake [SEP] Object1 | driver | BOT [SEP] Agent2 | driver | LEC [SEP] Action2 | move up [SEP] Object2 | position | 4,Leclerc overtakes Bottas to move up to fourth.
Lap 12,"[{'subject': [{'driver': 'VER'}], 'action': 'set', 'object': {'main': ['new fastest lap'], 'lap_time': ['100.426']}}]",Write a live blog post describing the following events in a Formula 1 race: Agent1 | driver | VER [SEP] Action1 | set [SEP] Object1 | main | new fastest lap [SEP] Object1 | lap_time | 100.426,Verstappen sets a new fastest lap of 100.426s.
Lap 13,"[{'subject': [{'driver': 'HAM'}], 'action': 'come', 'object': {'main': ['in pits', 'for hard tyres']}}, {'subject': [{'driver': 'HAM'}], 'action': 'drop to', 'object': {'position': ['2']}}]",Write a live blog post describing the following events in a Formula 1 race: Agent1 | driver | HAM [SEP] Action1 | come [SEP] Object1 | main | in pits [SEP] Object1 | main | for hard tyres [SEP] Agent2 | driver | HAM [SEP] Action2 | drop to [SEP] Object2 | position | 2,Hamilton comes in for hard tyres and drops to No. 2.
Lap 14,"[{'subject': [{'driver': 'GAS'}], 'action': 'pit', 'object': {'main': ['from P16', 'to undercut'], 'driver': ['RUS']}}, {'subject': [{'driver': 'RUS'}], 'action': 'be', 'object': {'main': ['still out']}}]",Write a live blog post describing the following events in a Formula 1 race: Agent1 | driver | GAS [SEP] Action1 | pit [SEP] Object1 | main | from P16 [SEP] Object1 | main | to undercut [SEP] Object1 | driver | RUS [SEP] Agent2 | driver | RUS [SEP] Action2 | be [SEP] Object2 | main | still out,"Gasly pits from P16 to undercut Russell, who is still out."
Lap 15,"[{'subject': [{'driver': 'BOT'}], 'action': 'pit', 'object': {'main': ['for hard tyres']}}, {'subject': [{'driver': 'BOT'}], 'action': 'stay in', 'object': {'position': ['5']}}]",Write a live blog post describing the following events in a Formula 1 race: Agent1 | driver | BOT [SEP] Action1 | pit [SEP] Object1 | main | for hard tyres [SEP] Agent2 | driver | BOT [SEP] Action2 | stay in [SEP] Object2 | position | 5,Bottas pits for hard tyres and stays in fifth.
Lap 15,"[{'subject': [{'driver': 'RAI'}], 'action': 'pass', 'object': {'driver': ['ALO']}}, {'subject': [{'driver': 'RAI'}], 'action': 'move up', 'object': {'position': ['13']}}]",Write a live blog post describing the following events in a Formula 1 race: Agent1 | driver | RAI [SEP] Action1 | pass [SEP] Object1 | driver | ALO [SEP] Agent2 | driver | RAI [SEP] Action2 | move up [SEP] Object2 | position | 13,Raikkonen passes Alonso to move up to 13th.
Lap 15,"[{'subject': [{'driver': 'GAS'}], 'action': 'be out of', 'object': {'main': ['race']}}, {'subject': [{'other': 'his alphatauri car'}], 'action': 'be stationary', 'object': {'timing': ['first part of lap']}}]",Write a live blog post describing the following events in a Formula 1 race: Agent1 | driver | GAS [SEP] Action1 | be out of [SEP] Object1 | main | race [SEP] Agent2 | other | his alphatauri car [SEP] Action2 | be stationary [SEP] Object2 | timing | first part of lap,"Gasly is out of the race, his alphatauri car is stationary for the first part of the lap."
Lap 15,"[{'subject': [{'driver': 'RUS'}], 'action': 'close', 'object': {'main': ['gap to'], 'driver': ['RAI']}}, {'subject': [{'other': 'gap'}], 'action': 'decrease', 'object': {'main': ['to', '2.05'], 'driver': ['RAI'], 'timing': ['end of lap']}}]",Write a live blog post describing the following events in a Formula 1 race: Agent1 | driver | RUS [SEP] Action1 | close [SEP] Object1 | main | gap to [SEP] Object1 | driver | RAI [SEP] Agent2 | other | gap [SEP] Action2 | decrease [SEP] Object2 | main | to [SEP] Object2 | main | 2.05 [SEP] Object2 | driver | RAI [SEP] Object2 | timing | end of lap,Russell closes the gap to Raikkonen to 2.05s at the end of the lap.
Lap 17,"[{'subject': [{'driver': 'VET'}], 'action': 'come', 'object': {'main': ['in pits', 'for medium tyres']}}, {'subject': [{'driver': 'VET'}], 'action': 'drop to', 'object': {'position': ['14']}}]",Write a live blog post describing the following events in a Formula 1 race: Agent1 | driver | VET [SEP] Action1 | come [SEP] Object1 | main | in pits [SEP] Object1 | main | for medium tyres [SEP] Agent2 | driver | VET [SEP] Action2 | drop to [SEP] Object2 | position | 14,Vettel comes in for medium tyres and drops to 14th.
Lap 18,"[{'subject': [{'driver': 'STR'}], 'action': 'pit', 'object': {'main': ['for medium tyres']}}, {'subject': [{'driver': 'STR'}], 'action': 'drop to', 'object': {'position': ['13']}}]",Write a live blog post describing the following events in a Formula 1 race: Agent1 | driver | STR [SEP] Action1 | pit [SEP] Object1 | main | for medium tyres [SEP] Agent2 | driver | STR [SEP] Action2 | drop to [SEP] Object2 | position | 13,Stroll pits for medium tyres and drops to 13th.
Lap 18,"[{'subject': [{'driver': 'RAI'}], 'action': 'overtake', 'object': {'driver': ['GIO']}}, {'subject': [{'driver': 'RAI'}], 'action': 'move up', 'object': {'position': ['10']}}]",Write a live blog post describing the following events in a Formula 1 race: Agent1 | driver | RAI [SEP] Action1 | overtake [SEP] Object1 | driver | GIO [SEP] Agent2 | driver | RAI [SEP] Action2 | move up [SEP] Object2 | position | 10,Raikkonen overtakes Giovinazzi to move up to 10th.
Lap 18,"[{'subject': [{'other': 'stewards'}], 'action': 'note', 'object': {'main': ['incident'], 'driver': ['ALO', 'RAI'], 'location': ['turn 1']}}]",Write a live blog post describing the following events in a Formula 1 race: Agent1 | other | stewards [SEP] Action1 | note [SEP] Object1 | main | incident [SEP] Object1 | driver | ALO [SEP] Object1 | driver | RAI [SEP] Object1 | location | turn 1,The stewards have noted an incident between Albon and Raikkonen at turn 1.
Lap 19,"[{'subject': [{'driver': 'STR'}], 'action': 'come', 'object': {'main': ['in pits', 'for medium tyres']}}, {'subject': [{'driver': 'STR'}], 'action': 'stay in', 'object': {'position': ['15']}}]",Write a live blog post describing the following events in a Formula 1 race: Agent1 | driver | STR [SEP] Action1 | come [SEP] Object1 | main | in pits [SEP] Object1 | main | for medium tyres [SEP] Agent2 | driver | STR [SEP] Action2 | stay in [SEP] Object2 | position | 15,Stroll comes in the pits for medium tyres and stays in 15th.
Lap 22,"[{'subject': [{'other': 'fia'}], 'action': 'note', 'object': {'main': ['incident'], 'driver': ['ALO', 'GIO'], 'location': ['turn 12']}}]",Write a live blog post describing the following events in a Formula 1 race: Agent1 | other | fia [SEP] Action1 | note [SEP] Object1 | main | incident [SEP] Object1 | driver | ALO [SEP] Object1 | driver | GIO [SEP] Object1 | location | turn 12,Alonso and Giovinazzi have an incident at turn 12.
Lap 23,"[{'subject': [{'driver': 'GIO'}], 'action': 'pass', 'object': {'driver': ['ALO']}}, {'subject': [{'driver': 'GIO'}], 'action': 'move up', 'object': {'position': ['11']}}]",Write a live blog post describing the following events in a Formula 1 race: Agent1 | driver | GIO [SEP] Action1 | pass [SEP] Object1 | driver | ALO [SEP] Agent2 | driver | GIO [SEP] Action2 | move up [SEP] Object2 | position | 11,Giovinazzi passes Alonso to move up to 11th.
Lap 24,"[{'subject': [{'driver': 'VET'}], 'action': 'close', 'object': {'main': ['gap to'], 'driver': ['RUS']}}, {'subject': [{'other': 'gap'}], 'action': 'be', 'object': {'main': ['only', '0.98'], 'driver': ['RUS'], 'timing': ['end of lap']}}]",Write a live blog post describing the following events in a Formula 1 race: Agent1 | driver | VET [SEP] Action1 | close [SEP] Object1 | main | gap to [SEP] Object1 | driver | RUS [SEP] Agent2 | other | gap [SEP] Action2 | be [SEP] Object2 | main | only [SEP] Object2 | main | 0.98 [SEP] Object2 | driver | RUS [SEP] Object2 | timing | end of lap,Vettel closes the gap to Russell to only 0.98s at the end of the lap.
Lap 25,"[{'subject': [{'driver': 'MAZ'}], 'action': 'pit', 'object': {'main': ['from P19', 'to undercut'], 'driver': ['MSC']}}, {'subject': [{'driver': 'MSC'}], 'action': 'be', 'object': {'main': ['still out']}}]",Write a live blog post describing the following events in a Formula 1 race: Agent1 | driver | MAZ [SEP] Action1 | pit [SEP] Object1 | main | from P19 [SEP] Object1 | main | to undercut [SEP] Object1 | driver | MSC [SEP] Agent2 | driver | MSC [SEP] Action2 | be [SEP] Object2 | main | still out,"Mazda pits from P19 to undercut Stroll, but he's still out."
Lap 25,"[{'subject': [{'driver': 'VET'}], 'action': 'pass', 'object': {'driver': ['RUS']}}, {'subject': [{'driver': 'VET'}], 'action': 'move up', 'object': {'position': ['13']}}]",Write a live blog post describing the following events in a Formula 1 race: Agent1 | driver | VET [SEP] Action1 | pass [SEP] Object1 | driver | RUS [SEP] Agent2 | driver | VET [SEP] Action2 | move up [SEP] Object2 | position | 13,Vettel passes Russell to move up to 13th.
Lap 26,"[{'subject': [{'driver': 'GIO'}], 'action': 'box', 'object': {'main': ['for medium tyres']}}, {'subject': [{'driver': 'GIO'}], 'action': 'drop to', 'object': {'position': ['15']}}, {'subject': [{'driver': 'OCO'}], 'action': 'come', 'object': {'main': ['in pits', 'for medium tyres']}}, {'subject': [{'driver': 'OCO'}], 'action': 'drop to', 'object': {'position': ['18']}}, {'subject': [{'driver': ['LAT', 'MAZ']}], 'action': 'pit', 'object': {}}]","Write a live blog post describing the following events in a Formula 1 race: Agent1 | driver | GIO [SEP] Action1 | box [SEP] Object1 | main | for medium tyres [SEP] Agent2 | driver | GIO [SEP] Action2 | drop to [SEP] Object2 | position | 15 [SEP] Agent3 | driver | OCO [SEP] Action3 | come [SEP] Object3 | main | in pits [SEP] Object3 | main | for medium tyres [SEP] Agent4 | driver | OCO [SEP] Action4 | drop to [SEP] Object4 | position | 18 [SEP] Agent5 | drivers | LAT, MAZ [SEP] Action5 | pit","Giovinazzi boxes for medium tyres, dropping to 15th. Ocon comes in pits for mediums and drops to 18th. Latifi, Mazepin and Perez also pit."
Lap 26,"[{'subject': [{'other': 'fia'}], 'action': 'note', 'object': {'main': ['incident'], 'driver': ['GIO', 'ALO'], 'location': ['turn 12']}}]",Write a live blog post describing the following events in a Formula 1 race: Agent1 | other | fia [SEP] Action1 | note [SEP] Object1 | main | incident [SEP] Object1 | driver | GIO [SEP] Object1 | driver | ALO [SEP] Object1 | location | turn 12,"Giovinazzi, Alonso and Verstappen have all been taken out of the race after the incident at Turn 12."
Lap 27,"[{'subject': [{'driver': 'GIO'}], 'action': 'stop', 'object': {'main': ['for hard tyres']}}, {'subject': [{'driver': 'GIO'}], 'action': 'stay in', 'object': {'position': ['15']}}]",Write a live blog post describing the following events in a Formula 1 race: Agent1 | driver | GIO [SEP] Action1 | stop [SEP] Object1 | main | for hard tyres [SEP] Agent2 | driver | GIO [SEP] Action2 | stay in [SEP] Object2 | position | 15,Giovinazzi stops for hard tyres and stays in 15th.
Lap 27,"[{'subject': [{'driver': 'GIO'}], 'action': 'fly', 'object': {'driver': ['STR'], 'main': ['past']}}, {'subject': [{'driver': 'GIO'}], 'action': 'move up', 'object': {'position': ['14']}}]",Write a live blog post describing the following events in a Formula 1 race: Agent1 | driver | GIO [SEP] Action1 | fly [SEP] Object1 | driver | STR [SEP] Object1 | main | past [SEP] Agent2 | driver | GIO [SEP] Action2 | move up [SEP] Object2 | position | 14,Giovinazzi flies past Stroll to move up to 14th.
Lap 28,"[{'subject': [{'driver': 'ALO'}], 'action': 'come', 'object': {'main': ['in pits', 'for hard tyres']}}, {'subject': [{'driver': 'ALO'}], 'action': 'stay in', 'object': {'position': ['11']}}]",Write a live blog post describing the following events in a Formula 1 race: Agent1 | driver | ALO [SEP] Action1 | come [SEP] Object1 | main | in pits [SEP] Object1 | main | for hard tyres [SEP] Agent2 | driver | ALO [SEP] Action2 | stay in [SEP] Object2 | position | 11,Alonso comes in the pits for hard tyres and stays in 11th.
Lap 28,"[{'subject': [{'other': 'virtual safety car'}], 'action': 'deploy', 'object': {'timing': ['lap 28']}}, {'subject': [{'other': 'virtual safety car'}], 'action': 'end', 'object': {'timing': ['this lap']}}]",Write a live blog post describing the following events in a Formula 1 race: Agent1 | other | virtual safety car [SEP] Action1 | deploy [SEP] Object1 | timing | lap 28 [SEP] Agent2 | other | virtual safety car [SEP] Action2 | end [SEP] Object2 | timing | this lap,The virtual safety car has been deployed on lap 28 and will end this lap.
Lap 28,"[{'subject': [{'other': 'track'}], 'action': 'be', 'object': {'main': ['clear']}}]",Write a live blog post describing the following events in a Formula 1 race: Agent1 | other | track [SEP] Action1 | be [SEP] Object1 | main | clear,The track is clear.
Lap 29,"[{'subject': [{'driver': 'ALO'}], 'action': 'enter', 'object': {'main': ['pits', 'for hard tyres']}}, {'subject': [{'driver': 'ALO'}], 'action': 'drop to', 'object': {'position': ['14']}}, {'subject': [{'driver': 'VER'}], 'action': 'come', 'object': {'main': ['in pits', 'for hard tyres']}}, {'subject': [{'driver': 'VER'}], 'action': 'drop to', 'object': {'position': ['2']}}, {'subject': [{'driver': ['SAI']}], 'action': 'pit', 'object': {}}]",Write a live blog post describing the following events in a Formula 1 race: Agent1 | driver | ALO [SEP] Action1 | enter [SEP] Object1 | main | pits [SEP] Object1 | main | for hard tyres [SEP] Agent2 | driver | ALO [SEP] Action2 | drop to [SEP] Object2 | position | 14 [SEP] Agent3 | driver | VER [SEP] Action3 | come [SEP] Object3 | main | in pits [SEP] Object3 | main | for hard tyres [SEP] Agent4 | driver | VER [SEP] Action4 | drop to [SEP] Object4 | position | 2 [SEP] Agent5 | drivers | SAI [SEP] Action5 | pit,"Alonso pits for hard tyres and drops to 14th. Verstappen comes in the pits for the hard tyres too, dropping to 2nd and Sainz pits for softs."
Lap 29,"[{'subject': [{'driver': 'VER'}], 'action': 'pass', 'object': {'driver': ['PER']}}, {'subject': [{'driver': 'VER'}], 'action': 'move up', 'object': {'position': ['2']}}, {'subject': [{'driver': 'STR'}], 'action': 'overtake', 'object': {'driver': ['RUS']}}, {'subject': [{'driver': 'STR'}], 'action': 'move up', 'object': {'position': ['12']}}]",Write a live blog post describing the following events in a Formula 1 race: Agent1 | driver | VER [SEP] Action1 | pass [SEP] Object1 | driver | PER [SEP] Agent2 | driver | VER [SEP] Action2 | move up [SEP] Object2 | position | 2 [SEP] Agent3 | driver | STR [SEP] Action3 | overtake [SEP] Object3 | driver | RUS [SEP] Agent4 | driver | STR [SEP] Action4 | move up [SEP] Object4 | position | 12,Verstappen passes Perez to move up to 2nd. Stroll overtakes Russell and moves up to 12th.
Lap 30,"[{'subject': [{'driver': 'PER'}], 'action': 'box', 'object': {'main': ['for hard tyres']}}, {'subject': [{'driver': 'PER'}], 'action': 'drop to', 'object': {'position': ['4']}}, {'subject': [{'driver': 'SAI'}], 'action': 'enter', 'object': {'main': ['pits', 'for hard tyres']}}, {'subject': [{'driver': 'SAI'}], 'action': 'stay in', 'object': {'position': ['8']}}, {'subject': [{'driver': ['RIC', 'NOR']}], 'action': 'pit', 'object': {}}]","Write a live blog post describing the following events in a Formula 1 race: Agent1 | driver | PER [SEP] Action1 | box [SEP] Object1 | main | for hard tyres [SEP] Agent2 | driver | PER [SEP] Action2 | drop to [SEP] Object2 | position | 4 [SEP] Agent3 | driver | SAI [SEP] Action3 | enter [SEP] Object3 | main | pits [SEP] Object3 | main | for hard tyres [SEP] Agent4 | driver | SAI [SEP] Action4 | stay in [SEP] Object4 | position | 8 [SEP] Agent5 | drivers | RIC, NOR [SEP] Action5 | pit","Perez boxes in for hard tyres, dropping to fourth. Sainz enters the pits for the hard tyres and stays in eighth. Ricciardo, Norris and Verstappen also pit."
Lap 31,"[{'subject': [{'driver': 'RUS'}], 'action': 'come', 'object': {'main': ['in pits', 'for hard tyres']}}, {'subject': [{'driver': 'RUS'}], 'action': 'drop to', 'object': {'position': ['15']}}, {'subject': [{'driver': 'RIC'}], 'action': 'come', 'object': {'main': ['in pits', 'for hard tyres']}}, {'subject': [{'driver': 'RIC'}], 'action': 'stay in', 'object': {'position': ['6']}}, {'subject': [{'driver': ['NOR', 'RAI']}], 'action': 'pit', 'object': {}}]","Write a live blog post describing the following events in a Formula 1 race: Agent1 | driver | RUS [SEP] Action1 | come [SEP] Object1 | main | in pits [SEP] Object1 | main | for hard tyres [SEP] Agent2 | driver | RUS [SEP] Action2 | drop to [SEP] Object2 | position | 15 [SEP] Agent3 | driver | RIC [SEP] Action3 | come [SEP] Object3 | main | in pits [SEP] Object3 | main | for hard tyres [SEP] Agent4 | driver | RIC [SEP] Action4 | stay in [SEP] Object4 | position | 6 [SEP] Agent5 | drivers | NOR, RAI [SEP] Action5 | pit","Russell comes in the pits for hard tyres, dropping to 15th. Ricciardo stays in sixth and Norris and Raikkonen pit."
Lap 31,"[{'subject': [{'driver': 'OCO'}], 'action': 'catch', 'object': {'driver': ['LAT']}}, {'subject': [{'other': 'gap'}], 'action': 'be', 'object': {'main': ['only', '1.7'], 'driver': ['LAT'], 'timing': ['end of lap']}}]",Write a live blog post describing the following events in a Formula 1 race: Agent1 | driver | OCO [SEP] Action1 | catch [SEP] Object1 | driver | LAT [SEP] Agent2 | other | gap [SEP] Action2 | be [SEP] Object2 | main | only [SEP] Object2 | main | 1.7 [SEP] Object2 | driver | LAT [SEP] Object2 | timing | end of lap,"Ocon is catching Latifi, who is only 1.7s behind him at the end of the lap."
Lap 32,"[{'subject': [{'driver': 'LEC'}], 'action': 'enter', 'object': {'main': ['pits', 'for hard tyres']}}, {'subject': [{'driver': 'LEC'}], 'action': 'drop to', 'object': {'position': ['4']}}, {'subject': [{'driver': 'RUS'}], 'action': 'stop', 'object': {'main': ['for hard tyres']}}, {'subject': [{'driver': 'RUS'}], 'action': 'drop to', 'object': {'position': ['16']}}, {'subject': [{'driver': ['TSU', 'RAI']}], 'action': 'pit', 'object': {}}]","Write a live blog post describing the following events in a Formula 1 race: Agent1 | driver | LEC [SEP] Action1 | enter [SEP] Object1 | main | pits [SEP] Object1 | main | for hard tyres [SEP] Agent2 | driver | LEC [SEP] Action2 | drop to [SEP] Object2 | position | 4 [SEP] Agent3 | driver | RUS [SEP] Action3 | stop [SEP] Object3 | main | for hard tyres [SEP] Agent4 | driver | RUS [SEP] Action4 | drop to [SEP] Object4 | position | 16 [SEP] Agent5 | drivers | TSU, RAI [SEP] Action5 | pit","Leclerc pits for hard tyres, dropping to fourth. Russell also pits for the hard tyres and drops to 16th. Tsu, Raikkonen and Bottas also pit."
Lap 34,"[{'subject': [{'driver': 'BOT'}], 'action': 'box', 'object': {'main': ['for hard tyres']}}, {'subject': [{'driver': 'BOT'}], 'action': 'stay in', 'object': {'position': ['5']}}]",Write a live blog post describing the following events in a Formula 1 race: Agent1 | driver | BOT [SEP] Action1 | box [SEP] Object1 | main | for hard tyres [SEP] Agent2 | driver | BOT [SEP] Action2 | stay in [SEP] Object2 | position | 5,Bottas boxes for hard tyres and stays in fifth.
Lap 34,"[{'subject': [{'driver': 'ALO'}], 'action': 'catch', 'object': {'driver': ['RAI']}}, {'subject': [{'other': 'gap'}], 'action': 'be', 'object': {'main': ['down to', '0.68'], 'driver': ['RAI'], 'timing': ['currently']}}]",Write a live blog post describing the following events in a Formula 1 race: Agent1 | driver | ALO [SEP] Action1 | catch [SEP] Object1 | driver | RAI [SEP] Agent2 | other | gap [SEP] Action2 | be [SEP] Object2 | main | down to [SEP] Object2 | main | 0.68 [SEP] Object2 | driver | RAI [SEP] Object2 | timing | currently,"Alonso is catching Raikkonen, but the gap is down to 0.68s currently."
Lap 35,"[{'subject': [{'driver': 'STR'}], 'action': 'enter', 'object': {'main': ['pits', 'for hard tyres']}}, {'subject': [{'driver': 'STR'}], 'action': 'drop to', 'object': {'position': ['14']}}, {'subject': [{'driver': 'MSC'}], 'action': 'come', 'object': {'main': ['in pits', 'for medium tyres']}}, {'subject': [{'driver': 'MSC'}], 'action': 'drop to', 'object': {'position': ['18']}}, {'subject': [{'driver': ['BOT']}], 'action': 'pit', 'object': {}}]",Write a live blog post describing the following events in a Formula 1 race: Agent1 | driver | STR [SEP] Action1 | enter [SEP] Object1 | main | pits [SEP] Object1 | main | for hard tyres [SEP] Agent2 | driver | STR [SEP] Action2 | drop to [SEP] Object2 | position | 14 [SEP] Agent3 | driver | MSC [SEP] Action3 | come [SEP] Object3 | main | in pits [SEP] Object3 | main | for medium tyres [SEP] Agent4 | driver | MSC [SEP] Action4 | drop to [SEP] Object4 | position | 18 [SEP] Agent5 | drivers | BOT [SEP] Action5 | pit,"Stroll pits for hard tyres, dropping to 14th. Magnussen comes in for medium tyres, and Bottas drops to 18th."
Lap 36,"[{'subject': [{'driver': 'HAM'}], 'action': 'box', 'object': {'main': ['for hard tyres']}}, {'subject': [{'driver': 'HAM'}], 'action': 'stay in', 'object': {'position': ['1']}}]",Write a live blog post describing the following events in a Formula 1 race: Agent1 | driver | HAM [SEP] Action1 | box [SEP] Object1 | main | for hard tyres [SEP] Agent2 | driver | HAM [SEP] Action2 | stay in [SEP] Object2 | position | 1,Hamilton boxes for hard tyres and stays in 1st.
Lap 37,"[{'subject': [{'driver': 'HAM'}], 'action': 'come', 'object': {'main': ['in pits', 'for hard tyres']}}, {'subject': [{'driver': 'HAM'}], 'action': 'drop to', 'object': {'position': ['2']}}]",Write a live blog post describing the following events in a Formula 1 race: Agent1 | driver | HAM [SEP] Action1 | come [SEP] Object1 | main | in pits [SEP] Object1 | main | for hard tyres [SEP] Agent2 | driver | HAM [SEP] Action2 | drop to [SEP] Object2 | position | 2,Hamilton comes in for hard tyres and drops to No. 2.
Lap 38,"[{'subject': [{'driver': 'MAZ'}], 'action': 'enter', 'object': {'main': ['pits', 'for medium tyres']}}, {'subject': [{'driver': 'MAZ'}], 'action': 'stay in', 'object': {'position': ['19']}}, {'subject': [{'driver': 'VET'}], 'action': 'enter', 'object': {'main': ['pits', 'for medium tyres']}}, {'subject': [{'driver': 'VET'}], 'action': 'stay in', 'object': {'position': ['9']}}]",Write a live blog post describing the following events in a Formula 1 race: Agent1 | driver | MAZ [SEP] Action1 | enter [SEP] Object1 | main | pits [SEP] Object1 | main | for medium tyres [SEP] Agent2 | driver | MAZ [SEP] Action2 | stay in [SEP] Object2 | position | 19 [SEP] Agent3 | driver | VET [SEP] Action3 | enter [SEP] Object3 | main | pits [SEP] Object3 | main | for medium tyres [SEP] Agent4 | driver | VET [SEP] Action4 | stay in [SEP] Object4 | position | 9,"Mazda pits for medium tyres and stays in 19th, while Verstappen also pits, but stays in 9th."
Lap 39,"[{'subject': [{'driver': 'MAZ'}], 'action': 'enter', 'object': {'main': ['pits', 'for medium tyres']}}, {'subject': [{'driver': 'MAZ'}], 'action': 'stay in', 'object': {'position': ['19']}}, {'subject': [{'driver': 'VET'}], 'action': 'stop', 'object': {'main': ['for hard tyres']}}, {'subject': [{'driver': 'VET'}], 'action': 'drop to', 'object': {'position': ['13']}}]",Write a live blog post describing the following events in a Formula 1 race: Agent1 | driver | MAZ [SEP] Action1 | enter [SEP] Object1 | main | pits [SEP] Object1 | main | for medium tyres [SEP] Agent2 | driver | MAZ [SEP] Action2 | stay in [SEP] Object2 | position | 19 [SEP] Agent3 | driver | VET [SEP] Action3 | stop [SEP] Object3 | main | for hard tyres [SEP] Agent4 | driver | VET [SEP] Action4 | drop to [SEP] Object4 | position | 13,Mazda pits for medium tyres and stays in 19th. Vettel pits for hard tyres and drops to 13th.
Lap 39,"[{'subject': [{'driver': 'OCO'}], 'action': 'approach', 'object': {'driver': ['LAT']}}, {'subject': [{'other': 'gap'}], 'action': 'be', 'object': {'main': ['only', '1.79'], 'driver': ['LAT'], 'timing': ['currently']}}]",Write a live blog post describing the following events in a Formula 1 race: Agent1 | driver | OCO [SEP] Action1 | approach [SEP] Object1 | driver | LAT [SEP] Agent2 | other | gap [SEP] Action2 | be [SEP] Object2 | main | only [SEP] Object2 | main | 1.79 [SEP] Object2 | driver | LAT [SEP] Object2 | timing | currently,"Ocon approaches Latifi, but the gap is only 1.79s currently."
Lap 40,"[{'subject': [{'driver': 'ALO'}], 'action': 'pit', 'object': {'main': ['from P11', 'to undercut'], 'driver': ['RAI']}}, {'subject': [{'driver': 'RAI'}], 'action': 'be', 'object': {'main': ['still out']}}]",Write a live blog post describing the following events in a Formula 1 race: Agent1 | driver | ALO [SEP] Action1 | pit [SEP] Object1 | main | from P11 [SEP] Object1 | main | to undercut [SEP] Object1 | driver | RAI [SEP] Agent2 | driver | RAI [SEP] Action2 | be [SEP] Object2 | main | still out,"Alonso pits from P11 to undercut Raikkonen, who is still out."
Lap 41,"[{'subject': [{'driver': 'OCO'}], 'action': 'pit', 'object': {'main': ['from P17', 'to undercut'], 'driver': ['LAT']}}, {'subject': [{'driver': 'LAT'}], 'action': 'be', 'object': {'main': ['still out']}}]",Write a live blog post describing the following events in a Formula 1 race: Agent1 | driver | OCO [SEP] Action1 | pit [SEP] Object1 | main | from P17 [SEP] Object1 | main | to undercut [SEP] Object1 | driver | LAT [SEP] Agent2 | driver | LAT [SEP] Action2 | be [SEP] Object2 | main | still out,"Ocon pits from P17 to undercut Leclerc, but Latifi is still out."
Lap 41,"[{'subject': [{'driver': 'ALO'}], 'action': 'fly', 'object': {'driver': ['STR'], 'main': ['past']}}, {'subject': [{'driver': 'ALO'}], 'action': 'move up', 'object': {'position': ['13']}}]",Write a live blog post describing the following events in a Formula 1 race: Agent1 | driver | ALO [SEP] Action1 | fly [SEP] Object1 | driver | STR [SEP] Object1 | main | past [SEP] Agent2 | driver | ALO [SEP] Action2 | move up [SEP] Object2 | position | 13,Alonso flies past Stroll to move up to 13th.
Lap 44,"[{'subject': [{'driver': 'BOT'}, {'driver': 'SAI'}], 'action': 'fight', 'object': {'main': ['for P6']}}, {'subject': [{'other': 'gap'}], 'action': 'be', 'object': {'main': ['down to'], 'gap': ['0.5s']}}]",Write a live blog post describing the following events in a Formula 1 race: Agent1 | driver | BOT [SEP] Action1 | fight [SEP] Object1 | main | for P6 [SEP] Agent2 | other | gap [SEP] Action2 | be [SEP] Object2 | main | down to [SEP] Object2 | gap | 0.5s,Bottas is fighting for P6 and the gap is down to 0.5s.
Lap 49,"[{'subject': [{'other': 'stewards'}], 'action': 'wave', 'object': {'main': ['black and white flag']}}]",Write a live blog post describing the following events in a Formula 1 race: Agent1 | other | stewards [SEP] Action1 | wave [SEP] Object1 | main | black and white flag,The stewards have waved the black and white flag.
Lap 49,"[{'subject': [{'driver': 'ALO'}], 'action': 'approach', 'object': {'driver': ['VET']}}, {'subject': [{'other': 'gap'}], 'action': 'decrease', 'object': {'main': ['to', '1.15'], 'driver': ['VET'], 'timing': ['now']}}]",Write a live blog post describing the following events in a Formula 1 race: Agent1 | driver | ALO [SEP] Action1 | approach [SEP] Object1 | driver | VET [SEP] Agent2 | other | gap [SEP] Action2 | decrease [SEP] Object2 | main | to [SEP] Object2 | main | 1.15 [SEP] Object2 | driver | VET [SEP] Object2 | timing | now,Alonso approaches Vettel and the gap has decreased to 1.15s now.
Lap 50,"[{'subject': [{'driver': 'ALO'}], 'action': 'pit', 'object': {'main': ['from P13', 'to undercut'], 'driver': ['VET']}}, {'subject': [{'driver': 'VET'}], 'action': 'be', 'object': {'main': ['still out']}}]",Write a live blog post describing the following events in a Formula 1 race: Agent1 | driver | ALO [SEP] Action1 | pit [SEP] Object1 | main | from P13 [SEP] Object1 | main | to undercut [SEP] Object1 | driver | VET [SEP] Agent2 | driver | VET [SEP] Action2 | be [SEP] Object2 | main | still out,"Alonso pits from P13 to undercut Verstappen, but Vettel is still out."
Lap 50,"[{'subject': [{'driver': 'BOT'}], 'action': 'be', 'object': {'main': ['in DRS zone'], 'driver': ['of SAI']}}, {'subject': [{'driver': 'SAI'}], 'action': 'might lose', 'object': {'main': ['P6'], 'driver': ['to BOT']}}]",Write a live blog post describing the following events in a Formula 1 race: Agent1 | driver | BOT [SEP] Action1 | be [SEP] Object1 | main | in DRS zone [SEP] Object1 | driver | of SAI [SEP] Agent2 | driver | SAI [SEP] Action2 | might lose [SEP] Object2 | main | P6 [SEP] Object2 | driver | to BOT,"Bottas is now in DRS zone ahead of Sainz, who might lose P6 to Bottas."
Lap 51,"[{'subject': [{'driver': 'ALO'}], 'action': 'pass', 'object': {'driver': ['MSC']}}, {'subject': [{'driver': 'ALO'}], 'action': 'move up', 'object': {'position': ['15']}}]",Write a live blog post describing the following events in a Formula 1 race: Agent1 | driver | ALO [SEP] Action1 | pass [SEP] Object1 | driver | MSC [SEP] Agent2 | driver | ALO [SEP] Action2 | move up [SEP] Object2 | position | 15,Alonso passes Schumacher to move up to 15th.
Lap 51,"[{'subject': [{'driver': 'ALO'}], 'action': 'stop', 'object': {'main': ['race']}}, {'subject': [{'other': 'his alpine car'}], 'action': 'be stationary', 'object': {'timing': ['first part of lap']}}]",Write a live blog post describing the following events in a Formula 1 race: Agent1 | driver | ALO [SEP] Action1 | stop [SEP] Object1 | main | race [SEP] Agent2 | other | his alpine car [SEP] Action2 | be stationary [SEP] Object2 | timing | first part of lap,"Alonso pits, his alpine car is stationary for the first part of the lap."
Lap 53,"[{'subject': [{'other': 'stewards'}], 'action': 'wave', 'object': {'main': ['yellow flag'], 'location': ['sector 6']}}]",Write a live blog post describing the following events in a Formula 1 race: Agent1 | other | stewards [SEP] Action1 | wave [SEP] Object1 | main | yellow flag [SEP] Object1 | location | sector 6,The stewards have waved the yellow flag for sector 6.
Lap 54,"[{'subject': [{'driver': 'STR'}], 'action': 'approach', 'object': {'driver': ['RAI']}}, {'subject': [{'other': 'gap'}], 'action': 'be', 'object': {'main': ['down to', '1.85'], 'driver': ['RAI'], 'timing': ['this lap']}}]",Write a live blog post describing the following events in a Formula 1 race: Agent1 | driver | STR [SEP] Action1 | approach [SEP] Object1 | driver | RAI [SEP] Agent2 | other | gap [SEP] Action2 | be [SEP] Object2 | main | down to [SEP] Object2 | main | 1.85 [SEP] Object2 | driver | RAI [SEP] Object2 | timing | this lap,"Stroll approaches Raikkonen, but the gap is down to 1.85s this lap."
Lap 55,"[{'subject': [{'driver': 'BOT'}], 'action': 'overtake', 'object': {'driver': ['SAI']}}, {'subject': [{'driver': 'BOT'}], 'action': 'move up', 'object': {'position': ['6']}}]",Write a live blog post describing the following events in a Formula 1 race: Agent1 | driver | BOT [SEP] Action1 | overtake [SEP] Object1 | driver | SAI [SEP] Agent2 | driver | BOT [SEP] Action2 | move up [SEP] Object2 | position | 6,Bottas overtakes Sainz to move up to sixth.
