Lap 1,"[{'subject': [{'driver': 'LEC'}], 'action': 'overtake', 'object': {'driver': ['STR']}}, {'subject': [{'driver': 'LEC'}], 'action': 'move up', 'object': {'position': ['9']}}, {'subject': [{'driver': 'LAT'}], 'action': 'pass', 'object': {'driver': ['BOT']}}, {'subject': [{'driver': 'LAT'}], 'action': 'move up', 'object': {'position': ['18']}}]",Write a live blog post describing the following events in a Formula 1 race: Agent1 | driver | LEC [SEP] Action1 | overtake [SEP] Object1 | driver | STR [SEP] Agent2 | driver | LEC [SEP] Action2 | move up [SEP] Object2 | position | 9 [SEP] Agent3 | driver | LAT [SEP] Action3 | pass [SEP] Object3 | driver | BOT [SEP] Agent4 | driver | LAT [SEP] Action4 | move up [SEP] Object4 | position | 18,Leclerc overtakes Stroll to move up to 9th. Latifi passes Bottas and moves up to 18th.
Lap 1,"[{'subject': [{'other': 'stewards'}], 'action': 'wave', 'object': {'main': ['double yellow flag'], 'location': ['sector 12']}}, {'subject': [{'other': 'race control'}], 'action': 'wave', 'object': {'main': ['yellow flag'], 'location': ['sector 7']}}, {'subject': [{'other': 'race control'}], 'action': 'wave', 'object': {'main': ['double yellow flag'], 'location': ['sector 7']}}]",Write a live blog post describing the following events in a Formula 1 race: Agent1 | other | stewards [SEP] Action1 | wave [SEP] Object1 | main | double yellow flag [SEP] Object1 | location | sector 12 [SEP] Agent2 | other | race control [SEP] Action2 | wave [SEP] Object2 | main | yellow flag [SEP] Object2 | location | sector 7 [SEP] Agent3 | other | race control [SEP] Action3 | wave [SEP] Object3 | main | double yellow flag [SEP] Object3 | location | sector 7,The stewards have double-yellow flagged sector 12 and sector 7.
Lap 2,"[{'subject': [{'other': 'safety car'}], 'action': 'deploy', 'object': {'timing': ['lap 2']}}]",Write a live blog post describing the following events in a Formula 1 race: Agent1 | other | safety car [SEP] Action1 | deploy [SEP] Object1 | timing | lap 2,The safety car is deployed on lap 2.
Lap 2,"[{'subject': [{'driver': 'HAM'}], 'action': 'stop', 'object': {'main': ['race']}}, {'subject': [{'other': 'his mercedes car'}], 'action': 'give up', 'object': {'timing': ['end of lap']}}, {'subject': [{'driver': 'BOT'}], 'action': 'quit', 'object': {'main': ['race']}}, {'subject': [{'other': 'his alfa car'}], 'action': 'give up', 'object': {'timing': ['middle of lap']}}]",Write a live blog post describing the following events in a Formula 1 race: Agent1 | driver | HAM [SEP] Action1 | stop [SEP] Object1 | main | race [SEP] Agent2 | other | his mercedes car [SEP] Action2 | give up [SEP] Object2 | timing | end of lap [SEP] Agent3 | driver | BOT [SEP] Action3 | quit [SEP] Object3 | main | race [SEP] Agent4 | other | his alfa car [SEP] Action4 | give up [SEP] Object4 | timing | middle of lap,"Hamilton stops his Mercedes car and gives up at the end of lap. Bottas also quits the race, giving up his Alfa car in the middle of the lap."
Lap 2,"[{'subject': [{'other': 'race control'}], 'action': 'wave', 'object': {'main': ['yellow flag'], 'location': ['sector 17']}}, {'subject': [{'other': 'stewards'}], 'action': 'note', 'object': {'main': ['incident'], 'driver': ['ALO', 'HAM'], 'info': ['causing a collision'], 'location': ['turn 5']}}]",Write a live blog post describing the following events in a Formula 1 race: Agent1 | other | race control [SEP] Action1 | wave [SEP] Object1 | main | yellow flag [SEP] Object1 | location | sector 17 [SEP] Agent2 | other | stewards [SEP] Action2 | note [SEP] Object2 | main | incident [SEP] Object2 | driver | ALO [SEP] Object2 | driver | HAM [SEP] Object2 | info | causing a collision [SEP] Object2 | location | turn 5,"The stewards have waved the yellow flag in sector 17 for an incident involving Albon and Hamilton, causing a collision at turn 5."
Lap 3,"[{'subject': [{'driver': 'LAT'}], 'action': 'enter', 'object': {'main': ['pits', 'for medium tyres']}}, {'subject': [{'driver': 'LAT'}], 'action': 'drop to', 'object': {'position': ['18']}}, {'subject': [{'driver': 'LEC'}], 'action': 'box', 'object': {'main': ['for medium tyres']}}, {'subject': [{'driver': 'LEC'}], 'action': 'drop to', 'object': {'position': ['17']}}]",Write a live blog post describing the following events in a Formula 1 race: Agent1 | driver | LAT [SEP] Action1 | enter [SEP] Object1 | main | pits [SEP] Object1 | main | for medium tyres [SEP] Agent2 | driver | LAT [SEP] Action2 | drop to [SEP] Object2 | position | 18 [SEP] Agent3 | driver | LEC [SEP] Action3 | box [SEP] Object3 | main | for medium tyres [SEP] Agent4 | driver | LEC [SEP] Action4 | drop to [SEP] Object4 | position | 17,"Latifi pits for medium tyres, dropping to 18th. Leclerc boxes for mediums and drops to 17th."
Lap 4,"[{'subject': [{'driver': 'VER'}], 'action': 'fly', 'object': {'driver': ['ALB'], 'main': ['past']}}, {'subject': [{'driver': 'VER'}], 'action': 'move up', 'object': {'position': ['7']}}, {'subject': [{'driver': 'TSU'}], 'action': 'pass', 'object': {'driver': ['MSC']}}, {'subject': [{'driver': 'TSU'}], 'action': 'move up', 'object': {'position': ['14']}}]",Write a live blog post describing the following events in a Formula 1 race: Agent1 | driver | VER [SEP] Action1 | fly [SEP] Object1 | driver | ALB [SEP] Object1 | main | past [SEP] Agent2 | driver | VER [SEP] Action2 | move up [SEP] Object2 | position | 7 [SEP] Agent3 | driver | TSU [SEP] Action3 | pass [SEP] Object3 | driver | MSC [SEP] Agent4 | driver | TSU [SEP] Action4 | move up [SEP] Object4 | position | 14,"Verstappen flies past Albon to move up to seventh, while Tsunoda passes Schumacher and moves up to 14th."
Lap 4,"[{'subject': [{'car': 'safety car'}], 'action': 'will come', 'object': {'main': ['in pits'], 'timing': ['end of lap']}}, {'subject': [{'other': 'race'}], 'action': 'restart', 'object': {'main': ['soon']}}]",Write a live blog post describing the following events in a Formula 1 race: Agent1 | car | safety car [SEP] Action1 | will come [SEP] Object1 | main | in pits [SEP] Object1 | timing | end of lap [SEP] Agent2 | other | race [SEP] Action2 | restart [SEP] Object2 | main | soon,The safety car will come in the pits at the end of the race. The restart will be soon.
Lap 4,"[{'subject': [{'other': 'track'}], 'action': 'be', 'object': {'main': ['clear']}}]",Write a live blog post describing the following events in a Formula 1 race: Agent1 | other | track [SEP] Action1 | be [SEP] Object1 | main | clear,The track is clear.
Lap 5,"[{'subject': [{'driver': 'ALB'}], 'action': 'pass', 'object': {'driver': ['RIC']}}, {'subject': [{'driver': 'ALB'}], 'action': 'move up', 'object': {'position': ['7']}}]",Write a live blog post describing the following events in a Formula 1 race: Agent1 | driver | ALB [SEP] Action1 | pass [SEP] Object1 | driver | RIC [SEP] Agent2 | driver | ALB [SEP] Action2 | move up [SEP] Object2 | position | 7,Albon passes Ricciardo to move up to seventh.
Lap 5,"[{'subject': [{'driver': 'SAI'}], 'action': 'set', 'object': {'main': ['new fastest lap'], 'lap_time': ['112.198']}}]",Write a live blog post describing the following events in a Formula 1 race: Agent1 | driver | SAI [SEP] Action1 | set [SEP] Object1 | main | new fastest lap [SEP] Object1 | lap_time | 112.198,Sainz sets a new fastest lap of 112.198s.
Lap 5,"[{'subject': [{'other': 'fia'}], 'action': 'note', 'object': {'main': ['incident'], 'driver': ['ALO', 'HAM'], 'info': ['causing a collision'], 'location': ['turn 5']}}, {'subject': [{'other': 'fia'}], 'action': 'note', 'object': {'main': ['incident'], 'driver': ['LAT', 'OCO'], 'info': ['causing a collision'], 'location': ['turn 7']}}]",Write a live blog post describing the following events in a Formula 1 race: Agent1 | other | fia [SEP] Action1 | note [SEP] Object1 | main | incident [SEP] Object1 | driver | ALO [SEP] Object1 | driver | HAM [SEP] Object1 | info | causing a collision [SEP] Object1 | location | turn 5 [SEP] Agent2 | other | fia [SEP] Action2 | note [SEP] Object2 | main | incident [SEP] Object2 | driver | LAT [SEP] Object2 | driver | OCO [SEP] Object2 | info | causing a collision [SEP] Object2 | location | turn 7,"Alonso and Hamilton are causing a collision at turn 5. The FIA has also noted the incident between Latifi and Ocon, which is causing the pair to collide at turn 7."
Lap 6,"[{'subject': [{'driver': 'VER'}], 'action': 'fly', 'object': {'driver': ['ALO'], 'main': ['past']}}, {'subject': [{'driver': 'VER'}], 'action': 'move up', 'object': {'position': ['4']}}, {'subject': [{'driver': 'OCO'}], 'action': 'pass', 'object': {'driver': ['MAG']}}, {'subject': [{'driver': 'OCO'}], 'action': 'move up', 'object': {'position': ['10']}}]",Write a live blog post describing the following events in a Formula 1 race: Agent1 | driver | VER [SEP] Action1 | fly [SEP] Object1 | driver | ALO [SEP] Object1 | main | past [SEP] Agent2 | driver | VER [SEP] Action2 | move up [SEP] Object2 | position | 4 [SEP] Agent3 | driver | OCO [SEP] Action3 | pass [SEP] Object3 | driver | MAG [SEP] Agent4 | driver | OCO [SEP] Action4 | move up [SEP] Object4 | position | 10,Verstappen flies past Alonso to move up to fourth. Ocon passes Magnussen and moves up to 10th.
Lap 7,"[{'subject': [{'driver': 'VER'}], 'action': 'fly', 'object': {'driver': ['RUS'], 'main': ['past']}}, {'subject': [{'driver': 'VER'}], 'action': 'move up', 'object': {'position': ['3']}}, {'subject': [{'driver': 'LEC'}], 'action': 'pass', 'object': {'driver': ['GAS']}}, {'subject': [{'driver': 'LEC'}], 'action': 'move up', 'object': {'position': ['15']}}]",Write a live blog post describing the following events in a Formula 1 race: Agent1 | driver | VER [SEP] Action1 | fly [SEP] Object1 | driver | RUS [SEP] Object1 | main | past [SEP] Agent2 | driver | VER [SEP] Action2 | move up [SEP] Object2 | position | 3 [SEP] Agent3 | driver | LEC [SEP] Action3 | pass [SEP] Object3 | driver | GAS [SEP] Agent4 | driver | LEC [SEP] Action4 | move up [SEP] Object4 | position | 15,Verstappen flies past Russell to move up to 3rd. Leclerc passes Gasly and moves up to 15th.
Lap 7,"[{'subject': [{'driver': 'BOT'}], 'action': 'quit', 'object': {'main': ['race']}}, {'subject': [{'other': 'his alfa car'}], 'action': 'be stationary', 'object': {'timing': ['middle of lap']}}]",Write a live blog post describing the following events in a Formula 1 race: Agent1 | driver | BOT [SEP] Action1 | quit [SEP] Object1 | main | race [SEP] Agent2 | other | his alfa car [SEP] Action2 | be stationary [SEP] Object2 | timing | middle of lap,"Bottas has quit the race, his alfa car is stationary in the middle of lap."
Lap 7,"[{'subject': [{'other': 'stewards'}], 'action': 'note', 'object': {'main': ['incident'], 'driver': ['ALO', 'HAM'], 'info': ['causing a collision'], 'location': ['turn 5']}}]",Write a live blog post describing the following events in a Formula 1 race: Agent1 | other | stewards [SEP] Action1 | note [SEP] Object1 | main | incident [SEP] Object1 | driver | ALO [SEP] Object1 | driver | HAM [SEP] Object1 | info | causing a collision [SEP] Object1 | location | turn 5,"Alonso and Hamilton are causing a collision at turn 5, the stewards note the incident."
Lap 8,"[{'subject': [{'driver': 'NOR'}], 'action': 'overtake', 'object': {'driver': ['MAG']}}, {'subject': [{'driver': 'NOR'}], 'action': 'move up', 'object': {'position': ['11']}}, {'subject': [{'driver': 'LEC'}], 'action': 'fly', 'object': {'driver': ['ZHO'], 'main': ['past']}}, {'subject': [{'driver': 'LEC'}], 'action': 'move up', 'object': {'position': ['13']}}]",Write a live blog post describing the following events in a Formula 1 race: Agent1 | driver | NOR [SEP] Action1 | overtake [SEP] Object1 | driver | MAG [SEP] Agent2 | driver | NOR [SEP] Action2 | move up [SEP] Object2 | position | 11 [SEP] Agent3 | driver | LEC [SEP] Action3 | fly [SEP] Object3 | driver | ZHO [SEP] Object3 | main | past [SEP] Agent4 | driver | LEC [SEP] Action4 | move up [SEP] Object4 | position | 13,Norris overtakes Magnussen to move up to 11th. Leclerc flies past Zhejiang and moves up to 13.
Lap 8,"[{'subject': [{'driver': 'LAT'}], 'action': 'exceed', 'object': {'main': ['track limits'], 'location': ['turn 4']}}]",Write a live blog post describing the following events in a Formula 1 race: Agent1 | driver | LAT [SEP] Action1 | exceed [SEP] Object1 | main | track limits [SEP] Object1 | location | turn 4,Latifi has exceeded the track limits at turn 4.
Lap 9,"[{'subject': [{'driver': 'LEC'}], 'action': 'fly', 'object': {'driver': ['MAG'], 'main': ['past']}}, {'subject': [{'driver': 'LEC'}], 'action': 'move up', 'object': {'position': ['12']}}]",Write a live blog post describing the following events in a Formula 1 race: Agent1 | driver | LEC [SEP] Action1 | fly [SEP] Object1 | driver | MAG [SEP] Object1 | main | past [SEP] Agent2 | driver | LEC [SEP] Action2 | move up [SEP] Object2 | position | 12,Leclerc flies past Magnussen to move up to 12th.
Lap 10,"[{'subject': [{'driver': 'ALB'}], 'action': 'stop', 'object': {'main': ['for hard tyres']}}, {'subject': [{'driver': 'ALB'}], 'action': 'drop to', 'object': {'position': ['17']}}, {'subject': [{'driver': 'GAS'}], 'action': 'pit', 'object': {'main': ['from P16', 'to undercut'], 'driver': ['TSU']}}, {'subject': [{'driver': 'TSU'}], 'action': 'be', 'object': {'main': ['still out']}}]",Write a live blog post describing the following events in a Formula 1 race: Agent1 | driver | ALB [SEP] Action1 | stop [SEP] Object1 | main | for hard tyres [SEP] Agent2 | driver | ALB [SEP] Action2 | drop to [SEP] Object2 | position | 17 [SEP] Agent3 | driver | GAS [SEP] Action3 | pit [SEP] Object3 | main | from P16 [SEP] Object3 | main | to undercut [SEP] Object3 | driver | TSU [SEP] Agent4 | driver | TSU [SEP] Action4 | be [SEP] Object4 | main | still out,"Albon pits for hard tyres, dropping to 17th. Gasly pits from P16 to undercut, but Tsunoda is still out."
Lap 10,"[{'subject': [{'driver': 'ZHO'}], 'action': 'pass', 'object': {'driver': ['MAG']}}, {'subject': [{'driver': 'ZHO'}], 'action': 'move up', 'object': {'position': ['12']}}]",Write a live blog post describing the following events in a Formula 1 race: Agent1 | driver | ZHO [SEP] Action1 | pass [SEP] Object1 | driver | MAG [SEP] Agent2 | driver | ZHO [SEP] Action2 | move up [SEP] Object2 | position | 12,Zhou passes Magnussen to move up to 12th.
Lap 11,"[{'subject': [{'driver': 'SAI'}], 'action': 'box', 'object': {'main': ['for medium tyres']}}, {'subject': [{'driver': 'SAI'}], 'action': 'drop to', 'object': {'position': ['8']}}, {'subject': [{'driver': 'ALO'}], 'action': 'box', 'object': {'main': ['for medium tyres']}}, {'subject': [{'driver': 'ALO'}], 'action': 'drop to', 'object': {'position': ['11']}}, {'subject': [{'driver': ['MAG']}], 'action': 'pit', 'object': {}}]",Write a live blog post describing the following events in a Formula 1 race: Agent1 | driver | SAI [SEP] Action1 | box [SEP] Object1 | main | for medium tyres [SEP] Agent2 | driver | SAI [SEP] Action2 | drop to [SEP] Object2 | position | 8 [SEP] Agent3 | driver | ALO [SEP] Action3 | box [SEP] Object3 | main | for medium tyres [SEP] Agent4 | driver | ALO [SEP] Action4 | drop to [SEP] Object4 | position | 11 [SEP] Agent5 | drivers | MAG [SEP] Action5 | pit,"Sainz boxes for medium tyres and drops to eighth. Alonso also boxes, dropping to 11. Magnussen pits."
Lap 11,"[{'subject': [{'driver': 'VER'}], 'action': 'overtake', 'object': {'driver': ['PER']}}, {'subject': [{'driver': 'VER'}], 'action': 'move up', 'object': {'position': ['1']}}, {'subject': [{'driver': 'SAI'}], 'action': 'overtake', 'object': {'driver': ['RIC']}}, {'subject': [{'driver': 'SAI'}], 'action': 'move up', 'object': {'position': ['5']}}, {'subject': [{'driver': 'LEC'}, {'driver': 'ALO'}], 'action': 'also gain', 'object': {'main': ['position']}}]",Write a live blog post describing the following events in a Formula 1 race: Agent1 | driver | VER [SEP] Action1 | overtake [SEP] Object1 | driver | PER [SEP] Agent2 | driver | VER [SEP] Action2 | move up [SEP] Object2 | position | 1 [SEP] Agent3 | driver | SAI [SEP] Action3 | overtake [SEP] Object3 | driver | RIC [SEP] Agent4 | driver | SAI [SEP] Action4 | move up [SEP] Object4 | position | 5 [SEP] Agent5 | driver | LEC [SEP] Action5 | also gain [SEP] Object5 | main | position,"Verstappen overtakes Perez to move up to 1st. Sainz, Ricciardo and Alonso also move up. Leclerc also gains a position."
Lap 11,"[{'subject': [{'driver': 'RIC'}], 'action': 'catch', 'object': {'driver': ['VET']}}, {'subject': [{'other': 'gap'}], 'action': 'be', 'object': {'main': ['only', '0.84'], 'driver': ['VET'], 'timing': ['currently']}}]",Write a live blog post describing the following events in a Formula 1 race: Agent1 | driver | RIC [SEP] Action1 | catch [SEP] Object1 | driver | VET [SEP] Agent2 | other | gap [SEP] Action2 | be [SEP] Object2 | main | only [SEP] Object2 | main | 0.84 [SEP] Object2 | driver | VET [SEP] Object2 | timing | currently,"Ricciardo is catching Vettel, who is only 0.84s behind him currently."
Lap 12,"[{'subject': [{'driver': 'RIC'}], 'action': 'make', 'object': {'main': ['pitstop', 'for hard tyres']}}, {'subject': [{'driver': 'RIC'}], 'action': 'drop to', 'object': {'position': ['15']}}, {'subject': [{'driver': 'OCO'}], 'action': 'stop', 'object': {'main': ['for hard tyres']}}, {'subject': [{'driver': 'OCO'}], 'action': 'drop to', 'object': {'position': ['16']}}, {'subject': [{'driver': ['RUS']}], 'action': 'pit', 'object': {}}]",Write a live blog post describing the following events in a Formula 1 race: Agent1 | driver | RIC [SEP] Action1 | make [SEP] Object1 | main | pitstop [SEP] Object1 | main | for hard tyres [SEP] Agent2 | driver | RIC [SEP] Action2 | drop to [SEP] Object2 | position | 15 [SEP] Agent3 | driver | OCO [SEP] Action3 | stop [SEP] Object3 | main | for hard tyres [SEP] Agent4 | driver | OCO [SEP] Action4 | drop to [SEP] Object4 | position | 16 [SEP] Agent5 | drivers | RUS [SEP] Action5 | pit,"Ricciardo makes a pitstop for hard tyres, dropping to 15th and Ocon drops to 16th. Russell also pits."
Lap 13,"[{'subject': [{'driver': 'RUS'}], 'action': 'box', 'object': {'main': ['for medium tyres']}}, {'subject': [{'driver': 'RUS'}], 'action': 'drop to', 'object': {'position': ['7']}}, {'subject': [{'driver': 'NOR'}], 'action': 'come', 'object': {'main': ['in pits', 'for hard tyres']}}, {'subject': [{'driver': 'NOR'}], 'action': 'drop to', 'object': {'position': ['16']}}]",Write a live blog post describing the following events in a Formula 1 race: Agent1 | driver | RUS [SEP] Action1 | box [SEP] Object1 | main | for medium tyres [SEP] Agent2 | driver | RUS [SEP] Action2 | drop to [SEP] Object2 | position | 7 [SEP] Agent3 | driver | NOR [SEP] Action3 | come [SEP] Object3 | main | in pits [SEP] Object3 | main | for hard tyres [SEP] Agent4 | driver | NOR [SEP] Action4 | drop to [SEP] Object4 | position | 16,"Russell boxes for medium tyres, dropping to seventh. Norris comes in the pits for hard tyres and drops to 16th."
Lap 13,"[{'subject': [{'driver': 'LEC'}], 'action': 'fly', 'object': {'driver': ['STR'], 'main': ['past']}}, {'subject': [{'driver': 'LEC'}], 'action': 'move up', 'object': {'position': ['5']}}, {'subject': [{'driver': 'TSU'}], 'action': 'overtake', 'object': {'driver': ['ALO']}}, {'subject': [{'driver': 'TSU'}], 'action': 'move up', 'object': {'position': ['9']}}, {'subject': [{'driver': 'ALB'}], 'action': 'also gain', 'object': {'main': ['position']}}]",Write a live blog post describing the following events in a Formula 1 race: Agent1 | driver | LEC [SEP] Action1 | fly [SEP] Object1 | driver | STR [SEP] Object1 | main | past [SEP] Agent2 | driver | LEC [SEP] Action2 | move up [SEP] Object2 | position | 5 [SEP] Agent3 | driver | TSU [SEP] Action3 | overtake [SEP] Object3 | driver | ALO [SEP] Agent4 | driver | TSU [SEP] Action4 | move up [SEP] Object4 | position | 9 [SEP] Agent5 | driver | ALB [SEP] Action5 | also gain [SEP] Object5 | main | position,Leclerc flies past Stroll to move up to fifth. Tsunoda overtakes Alonso and moves up to ninth. Albon also gains a position.
Lap 14,"[{'subject': [{'driver': 'MSC'}], 'action': 'enter', 'object': {'main': ['pits', 'for hard tyres']}}, {'subject': [{'driver': 'MSC'}], 'action': 'drop to', 'object': {'position': ['18']}}, {'subject': [{'driver': 'VET'}], 'action': 'enter', 'object': {'main': ['pits', 'for hard tyres']}}, {'subject': [{'driver': 'VET'}], 'action': 'drop to', 'object': {'position': ['7']}}, {'subject': [{'driver': ['PER', 'ZHO']}], 'action': 'pit', 'object': {}}]","Write a live blog post describing the following events in a Formula 1 race: Agent1 | driver | MSC [SEP] Action1 | enter [SEP] Object1 | main | pits [SEP] Object1 | main | for hard tyres [SEP] Agent2 | driver | MSC [SEP] Action2 | drop to [SEP] Object2 | position | 18 [SEP] Agent3 | driver | VET [SEP] Action3 | enter [SEP] Object3 | main | pits [SEP] Object3 | main | for hard tyres [SEP] Agent4 | driver | VET [SEP] Action4 | drop to [SEP] Object4 | position | 7 [SEP] Agent5 | drivers | PER, ZHO [SEP] Action5 | pit","Schumacher pits for hard tyres, dropping to 18th. Vettel also pits for the hard tyres and drops to 7th, while Perez and Zhou pit."
Lap 14,"[{'subject': [{'driver': 'PER'}], 'action': 'fly', 'object': {'driver': ['LEC'], 'main': ['past']}}, {'subject': [{'driver': 'PER'}], 'action': 'move up', 'object': {'position': ['3']}}]",Write a live blog post describing the following events in a Formula 1 race: Agent1 | driver | PER [SEP] Action1 | fly [SEP] Object1 | driver | LEC [SEP] Object1 | main | past [SEP] Agent2 | driver | PER [SEP] Action2 | move up [SEP] Object2 | position | 3,Perez flies past Leclerc to move up to third.
Lap 14,"[{'subject': [{'driver': 'RIC'}], 'action': 'approach', 'object': {'driver': ['ALB']}}, {'subject': [{'other': 'gap'}], 'action': 'decrease', 'object': {'main': ['to', '0.38'], 'driver': ['ALB'], 'timing': ['this lap']}}]",Write a live blog post describing the following events in a Formula 1 race: Agent1 | driver | RIC [SEP] Action1 | approach [SEP] Object1 | driver | ALB [SEP] Agent2 | other | gap [SEP] Action2 | decrease [SEP] Object2 | main | to [SEP] Object2 | main | 0.38 [SEP] Object2 | driver | ALB [SEP] Object2 | timing | this lap,Ricciardo approaches Albon and decreases the gap to 0.38s this lap.
Lap 15,"[{'subject': [{'driver': 'STR'}], 'action': 'stop', 'object': {'main': ['for medium tyres']}}, {'subject': [{'driver': 'STR'}], 'action': 'drop to', 'object': {'position': ['14']}}, {'subject': [{'driver': 'LAT'}], 'action': 'enter', 'object': {'main': ['pits', 'for hard tyres']}}, {'subject': [{'driver': 'LAT'}], 'action': 'drop to', 'object': {'position': ['16']}}, {'subject': [{'driver': ['VER']}], 'action': 'pit', 'object': {}}]",Write a live blog post describing the following events in a Formula 1 race: Agent1 | driver | STR [SEP] Action1 | stop [SEP] Object1 | main | for medium tyres [SEP] Agent2 | driver | STR [SEP] Action2 | drop to [SEP] Object2 | position | 14 [SEP] Agent3 | driver | LAT [SEP] Action3 | enter [SEP] Object3 | main | pits [SEP] Object3 | main | for hard tyres [SEP] Agent4 | driver | LAT [SEP] Action4 | drop to [SEP] Object4 | position | 16 [SEP] Agent5 | drivers | VER [SEP] Action5 | pit,"Stroll pits for medium tyres, dropping to 14th. Latifi pits for hard tyres and drops to 16th. Verstappen also pits."
Lap 15,"[{'subject': [{'driver': 'RUS'}], 'action': 'overtake', 'object': {'driver': ['LEC']}}, {'subject': [{'driver': 'RUS'}], 'action': 'move up', 'object': {'position': ['4']}}, {'subject': [{'driver': 'ALO'}], 'action': 'pass', 'object': {'driver': ['TSU']}}, {'subject': [{'driver': 'ALO'}], 'action': 'move up', 'object': {'position': ['6']}}]",Write a live blog post describing the following events in a Formula 1 race: Agent1 | driver | RUS [SEP] Action1 | overtake [SEP] Object1 | driver | LEC [SEP] Agent2 | driver | RUS [SEP] Action2 | move up [SEP] Object2 | position | 4 [SEP] Agent3 | driver | ALO [SEP] Action3 | pass [SEP] Object3 | driver | TSU [SEP] Agent4 | driver | ALO [SEP] Action4 | move up [SEP] Object4 | position | 6,Russell overtakes Leclerc to move up to fourth. Alonso passes Tsunoda and moves up to sixth.
Lap 15,"[{'subject': [{'driver': 'MAG'}], 'action': 'approach', 'object': {'driver': ['NOR']}}, {'subject': [{'other': 'gap'}], 'action': 'be', 'object': {'main': ['down to', '0.6'], 'driver': ['NOR'], 'timing': ['now']}}]",Write a live blog post describing the following events in a Formula 1 race: Agent1 | driver | MAG [SEP] Action1 | approach [SEP] Object1 | driver | NOR [SEP] Agent2 | other | gap [SEP] Action2 | be [SEP] Object2 | main | down to [SEP] Object2 | main | 0.6 [SEP] Object2 | driver | NOR [SEP] Object2 | timing | now,Magnussen approaches Norris and the gap is down to 0.6s now.
Lap 16,"[{'subject': [{'driver': 'LAT'}], 'action': 'make', 'object': {'main': ['pitstop', 'for hard tyres']}}, {'subject': [{'driver': 'LAT'}], 'action': 'stay in', 'object': {'position': ['18']}}]",Write a live blog post describing the following events in a Formula 1 race: Agent1 | driver | LAT [SEP] Action1 | make [SEP] Object1 | main | pitstop [SEP] Object1 | main | for hard tyres [SEP] Agent2 | driver | LAT [SEP] Action2 | stay in [SEP] Object2 | position | 18,Latifi makes a pitstop for hard tyres and stays in 18th.
Lap 16,"[{'subject': [{'driver': 'VET'}], 'action': 'pass', 'object': {'driver': ['ALB']}}, {'subject': [{'driver': 'VET'}], 'action': 'move up', 'object': {'position': ['8']}}]",Write a live blog post describing the following events in a Formula 1 race: Agent1 | driver | VET [SEP] Action1 | pass [SEP] Object1 | driver | ALB [SEP] Agent2 | driver | VET [SEP] Action2 | move up [SEP] Object2 | position | 8,Vettel passes Albon to move up to eighth.
Lap 17,"[{'subject': [{'driver': 'VER'}], 'action': 'overtake', 'object': {'driver': ['SAI']}}, {'subject': [{'driver': 'VER'}], 'action': 'move up', 'object': {'position': ['1']}}, {'subject': [{'driver': 'STR'}], 'action': 'fly', 'object': {'driver': ['NOR'], 'main': ['past']}}, {'subject': [{'driver': 'STR'}], 'action': 'move up', 'object': {'position': ['13']}}]",Write a live blog post describing the following events in a Formula 1 race: Agent1 | driver | VER [SEP] Action1 | overtake [SEP] Object1 | driver | SAI [SEP] Agent2 | driver | VER [SEP] Action2 | move up [SEP] Object2 | position | 1 [SEP] Agent3 | driver | STR [SEP] Action3 | fly [SEP] Object3 | driver | NOR [SEP] Object3 | main | past [SEP] Agent4 | driver | STR [SEP] Action4 | move up [SEP] Object4 | position | 13,Verstappen overtakes Sainz to move up to No. 1. Stroll flies past Norris and moves up to 13th.
Lap 17,"[{'subject': [{'driver': 'VER'}], 'action': 'set', 'object': {'main': ['new fastest lap'], 'lap_time': ['110.747']}}]",Write a live blog post describing the following events in a Formula 1 race: Agent1 | driver | VER [SEP] Action1 | set [SEP] Object1 | main | new fastest lap [SEP] Object1 | lap_time | 110.747,Verstappen sets a new fastest lap of 110.747s.
Lap 18,"[{'subject': [{'driver': 'TSU'}], 'action': 'box', 'object': {'main': ['for medium tyres']}}, {'subject': [{'driver': 'TSU'}], 'action': 'drop to', 'object': {'position': ['16']}}]",Write a live blog post describing the following events in a Formula 1 race: Agent1 | driver | TSU [SEP] Action1 | box [SEP] Object1 | main | for medium tyres [SEP] Agent2 | driver | TSU [SEP] Action2 | drop to [SEP] Object2 | position | 16,Tsuoda boxes for medium tyres and drops to 16th.
Lap 19,"[{'subject': [{'driver': 'TSU'}], 'action': 'make', 'object': {'main': ['pitstop', 'for medium tyres']}}, {'subject': [{'driver': 'TSU'}], 'action': 'stay in', 'object': {'position': ['17']}}]",Write a live blog post describing the following events in a Formula 1 race: Agent1 | driver | TSU [SEP] Action1 | make [SEP] Object1 | main | pitstop [SEP] Object1 | main | for medium tyres [SEP] Agent2 | driver | TSU [SEP] Action2 | stay in [SEP] Object2 | position | 17,Tsuoda makes a pitstop for medium tyres and stays in 17th.
Lap 19,"[{'subject': [{'driver': 'OCO'}], 'action': 'pass', 'object': {'driver': ['ALB']}}, {'subject': [{'driver': 'OCO'}], 'action': 'move up', 'object': {'position': ['8']}}, {'subject': [{'driver': 'TSU'}], 'action': 'pass', 'object': {'driver': ['MSC']}}, {'subject': [{'driver': 'TSU'}], 'action': 'move up', 'object': {'position': ['15']}}, {'subject': [{'driver': 'TSU'}], 'action': 'also gain', 'object': {'main': ['position']}}]",Write a live blog post describing the following events in a Formula 1 race: Agent1 | driver | OCO [SEP] Action1 | pass [SEP] Object1 | driver | ALB [SEP] Agent2 | driver | OCO [SEP] Action2 | move up [SEP] Object2 | position | 8 [SEP] Agent3 | driver | TSU [SEP] Action3 | pass [SEP] Object3 | driver | MSC [SEP] Agent4 | driver | TSU [SEP] Action4 | move up [SEP] Object4 | position | 15 [SEP] Agent5 | driver | TSU [SEP] Action5 | also gain [SEP] Object5 | main | position,"Ocon passes Albon to move up to 8th, while Tsunoda passes Schumacher to pass Magnussen for 15th."
Lap 20,"[{'subject': [{'driver': 'PER'}], 'action': 'fly', 'object': {'driver': ['SAI'], 'main': ['past']}}, {'subject': [{'driver': 'PER'}], 'action': 'move up', 'object': {'position': ['2']}}, {'subject': [{'driver': 'STR'}], 'action': 'fly', 'object': {'driver': ['GAS'], 'main': ['past']}}, {'subject': [{'driver': 'STR'}], 'action': 'move up', 'object': {'position': ['11']}}]",Write a live blog post describing the following events in a Formula 1 race: Agent1 | driver | PER [SEP] Action1 | fly [SEP] Object1 | driver | SAI [SEP] Object1 | main | past [SEP] Agent2 | driver | PER [SEP] Action2 | move up [SEP] Object2 | position | 2 [SEP] Agent3 | driver | STR [SEP] Action3 | fly [SEP] Object3 | driver | GAS [SEP] Object3 | main | past [SEP] Agent4 | driver | STR [SEP] Action4 | move up [SEP] Object4 | position | 11,Perez flies past Sainz to move up to No. 2. Stroll flies past Gasly to take 11th.
Lap 22,"[{'subject': [{'driver': 'GAS'}], 'action': 'pit', 'object': {'main': ['from P12', 'to undercut'], 'driver': ['STR']}}, {'subject': [{'driver': 'STR'}], 'action': 'be', 'object': {'main': ['still out']}}]",Write a live blog post describing the following events in a Formula 1 race: Agent1 | driver | GAS [SEP] Action1 | pit [SEP] Object1 | main | from P12 [SEP] Object1 | main | to undercut [SEP] Object1 | driver | STR [SEP] Agent2 | driver | STR [SEP] Action2 | be [SEP] Object2 | main | still out,"Gasly pits from P12 to undercut Stroll, who is still out."
Lap 23,"[{'subject': [{'driver': 'GAS'}], 'action': 'overtake', 'object': {'driver': ['MSC']}}, {'subject': [{'driver': 'GAS'}], 'action': 'move up', 'object': {'position': ['16']}}]",Write a live blog post describing the following events in a Formula 1 race: Agent1 | driver | GAS [SEP] Action1 | overtake [SEP] Object1 | driver | MSC [SEP] Agent2 | driver | GAS [SEP] Action2 | move up [SEP] Object2 | position | 16,Gasly overtakes Magnussen to move up to 16th.
Lap 24,"[{'subject': [{'driver': 'TSU'}], 'action': 'close', 'object': {'main': ['gap to'], 'driver': ['MAG']}}, {'subject': [{'other': 'gap'}], 'action': 'be', 'object': {'main': ['only', '1.39'], 'driver': ['MAG'], 'timing': ['currently']}}]",Write a live blog post describing the following events in a Formula 1 race: Agent1 | driver | TSU [SEP] Action1 | close [SEP] Object1 | main | gap to [SEP] Object1 | driver | MAG [SEP] Agent2 | other | gap [SEP] Action2 | be [SEP] Object2 | main | only [SEP] Object2 | main | 1.39 [SEP] Object2 | driver | MAG [SEP] Object2 | timing | currently,Tsuoda has closed the gap to Magnussen to only 1.39s currently.
Lap 25,"[{'subject': [{'driver': 'ALO'}], 'action': 'enter', 'object': {'main': ['pits', 'for hard tyres']}}, {'subject': [{'driver': 'ALO'}], 'action': 'drop to', 'object': {'position': ['13']}}, {'subject': [{'driver': 'LEC'}], 'action': 'pit', 'object': {'main': ['from P5', 'to undercut'], 'driver': ['RUS']}}, {'subject': [{'driver': 'RUS'}], 'action': 'be', 'object': {'main': ['still out']}}, {'subject': [{'driver': ['SAI']}], 'action': 'pit', 'object': {}}]",Write a live blog post describing the following events in a Formula 1 race: Agent1 | driver | ALO [SEP] Action1 | enter [SEP] Object1 | main | pits [SEP] Object1 | main | for hard tyres [SEP] Agent2 | driver | ALO [SEP] Action2 | drop to [SEP] Object2 | position | 13 [SEP] Agent3 | driver | LEC [SEP] Action3 | pit [SEP] Object3 | main | from P5 [SEP] Object3 | main | to undercut [SEP] Object3 | driver | RUS [SEP] Agent4 | driver | RUS [SEP] Action4 | be [SEP] Object4 | main | still out [SEP] Agent5 | drivers | SAI [SEP] Action5 | pit,"Alonso pits for hard tyres, dropping to 13th. Leclerc pits from P5 to undercut Russell, while Sainz is still out."
Lap 25,"[{'subject': [{'driver': 'TSU'}], 'action': 'fly', 'object': {'driver': ['MAG'], 'main': ['past']}}, {'subject': [{'driver': 'TSU'}], 'action': 'move up', 'object': {'position': ['14']}}]",Write a live blog post describing the following events in a Formula 1 race: Agent1 | driver | TSU [SEP] Action1 | fly [SEP] Object1 | driver | MAG [SEP] Object1 | main | past [SEP] Agent2 | driver | TSU [SEP] Action2 | move up [SEP] Object2 | position | 14,Tsukoda flies past Magnussen to move up to 14th.
Lap 25,"[{'subject': [{'driver': 'GAS'}], 'action': 'catch', 'object': {'driver': ['TSU']}}, {'subject': [{'other': 'gap'}], 'action': 'be', 'object': {'main': ['only', '1.31'], 'driver': ['TSU'], 'timing': ['this lap']}}]",Write a live blog post describing the following events in a Formula 1 race: Agent1 | driver | GAS [SEP] Action1 | catch [SEP] Object1 | driver | TSU [SEP] Agent2 | other | gap [SEP] Action2 | be [SEP] Object2 | main | only [SEP] Object2 | main | 1.31 [SEP] Object2 | driver | TSU [SEP] Object2 | timing | this lap,"Gasly is catching Tsuoda, who is only 1.31s behind this lap."
Lap 26,"[{'subject': [{'driver': 'ALB'}], 'action': 'come', 'object': {'main': ['in pits', 'for medium tyres']}}, {'subject': [{'driver': 'ALB'}], 'action': 'drop to', 'object': {'position': ['16']}}, {'subject': [{'driver': 'STR'}], 'action': 'stop', 'object': {'main': ['for hard tyres']}}, {'subject': [{'driver': 'STR'}], 'action': 'drop to', 'object': {'position': ['17']}}, {'subject': [{'driver': ['PER']}], 'action': 'pit', 'object': {}}]",Write a live blog post describing the following events in a Formula 1 race: Agent1 | driver | ALB [SEP] Action1 | come [SEP] Object1 | main | in pits [SEP] Object1 | main | for medium tyres [SEP] Agent2 | driver | ALB [SEP] Action2 | drop to [SEP] Object2 | position | 16 [SEP] Agent3 | driver | STR [SEP] Action3 | stop [SEP] Object3 | main | for hard tyres [SEP] Agent4 | driver | STR [SEP] Action4 | drop to [SEP] Object4 | position | 17 [SEP] Agent5 | drivers | PER [SEP] Action5 | pit,"Albon comes in the pits for medium tyres and drops to 16. Stroll stops for hard tyres, and Perez drops to 17."
Lap 26,"[{'subject': [{'driver': 'ALO'}], 'action': 'overtake', 'object': {'driver': ['ZHO']}}, {'subject': [{'driver': 'ALO'}], 'action': 'move up', 'object': {'position': ['10']}}, {'subject': [{'driver': 'GAS'}], 'action': 'fly', 'object': {'driver': ['MAG'], 'main': ['past']}}, {'subject': [{'driver': 'GAS'}], 'action': 'move up', 'object': {'position': ['13']}}]",Write a live blog post describing the following events in a Formula 1 race: Agent1 | driver | ALO [SEP] Action1 | overtake [SEP] Object1 | driver | ZHO [SEP] Agent2 | driver | ALO [SEP] Action2 | move up [SEP] Object2 | position | 10 [SEP] Agent3 | driver | GAS [SEP] Action3 | fly [SEP] Object3 | driver | MAG [SEP] Object3 | main | past [SEP] Agent4 | driver | GAS [SEP] Action4 | move up [SEP] Object4 | position | 13,Alonso overtakes Zhou and moves up to 10th. Gasly flies past Magnussen to move up to 13th.
Lap 27,"[{'subject': [{'driver': 'PER'}], 'action': 'pit', 'object': {'main': ['from P2', 'to undercut'], 'driver': ['VER']}}, {'subject': [{'driver': 'VER'}], 'action': 'be', 'object': {'main': ['still out']}}, {'subject': [{'driver': 'MAG'}], 'action': 'come', 'object': {'main': ['in pits', 'for medium tyres']}}, {'subject': [{'driver': 'MAG'}], 'action': 'drop to', 'object': {'position': ['18']}}]",Write a live blog post describing the following events in a Formula 1 race: Agent1 | driver | PER [SEP] Action1 | pit [SEP] Object1 | main | from P2 [SEP] Object1 | main | to undercut [SEP] Object1 | driver | VER [SEP] Agent2 | driver | VER [SEP] Action2 | be [SEP] Object2 | main | still out [SEP] Agent3 | driver | MAG [SEP] Action3 | come [SEP] Object3 | main | in pits [SEP] Object3 | main | for medium tyres [SEP] Agent4 | driver | MAG [SEP] Action4 | drop to [SEP] Object4 | position | 18,"Perez pits from P2 to undercut Verstappen, who is still out. Magnussen comes in for medium tyres and drops to 18th."
Lap 27,"[{'subject': [{'driver': 'ALO'}], 'action': 'fly', 'object': {'driver': ['NOR'], 'main': ['past']}}, {'subject': [{'driver': 'ALO'}], 'action': 'move up', 'object': {'position': ['9']}}, {'subject': [{'driver': 'ALB'}], 'action': 'overtake', 'object': {'driver': ['MSC']}}, {'subject': [{'driver': 'ALB'}], 'action': 'move up', 'object': {'position': ['14']}}]",Write a live blog post describing the following events in a Formula 1 race: Agent1 | driver | ALO [SEP] Action1 | fly [SEP] Object1 | driver | NOR [SEP] Object1 | main | past [SEP] Agent2 | driver | ALO [SEP] Action2 | move up [SEP] Object2 | position | 9 [SEP] Agent3 | driver | ALB [SEP] Action3 | overtake [SEP] Object3 | driver | MSC [SEP] Agent4 | driver | ALB [SEP] Action4 | move up [SEP] Object4 | position | 14,Alonso flies past Norris to move up to 9th. Albon overtakes Schumacher to take 14th.
Lap 28,"[{'subject': [{'driver': 'MAG'}], 'action': 'make', 'object': {'main': ['pitstop', 'for medium tyres']}}, {'subject': [{'driver': 'MAG'}], 'action': 'climb up to', 'object': {'position': ['15']}}, {'subject': [{'driver': 'ZHO'}], 'action': 'box', 'object': {'main': ['for medium tyres']}}, {'subject': [{'driver': 'ZHO'}], 'action': 'drop to', 'object': {'position': ['13']}}]",Write a live blog post describing the following events in a Formula 1 race: Agent1 | driver | MAG [SEP] Action1 | make [SEP] Object1 | main | pitstop [SEP] Object1 | main | for medium tyres [SEP] Agent2 | driver | MAG [SEP] Action2 | climb up to [SEP] Object2 | position | 15 [SEP] Agent3 | driver | ZHO [SEP] Action3 | box [SEP] Object3 | main | for medium tyres [SEP] Agent4 | driver | ZHO [SEP] Action4 | drop to [SEP] Object4 | position | 13,Magnussen makes a pitstop for medium tyres and climbs up to 15th. Zhou boxes for mediums and drops to 13th.
Lap 28,"[{'subject': [{'driver': 'LEC'}], 'action': 'pass', 'object': {'driver': ['OCO']}}, {'subject': [{'driver': 'LEC'}], 'action': 'move up', 'object': {'position': ['6']}}, {'subject': [{'driver': 'OCO'}], 'action': 'fly', 'object': {'driver': ['LEC'], 'main': ['past']}}, {'subject': [{'driver': 'OCO'}], 'action': 'move up', 'object': {'position': ['6']}}, {'subject': [{'driver': 'ALO'}, {'driver': 'RIC'}], 'action': 'also gain', 'object': {'main': ['position']}}]",Write a live blog post describing the following events in a Formula 1 race: Agent1 | driver | LEC [SEP] Action1 | pass [SEP] Object1 | driver | OCO [SEP] Agent2 | driver | LEC [SEP] Action2 | move up [SEP] Object2 | position | 6 [SEP] Agent3 | driver | OCO [SEP] Action3 | fly [SEP] Object3 | driver | LEC [SEP] Object3 | main | past [SEP] Agent4 | driver | OCO [SEP] Action4 | move up [SEP] Object4 | position | 6 [SEP] Agent5 | driver | ALO [SEP] Action5 | also gain [SEP] Object5 | main | position,"Leclerc passes Ocon to move up to sixth. Ocon flies past Leclerc, and Albon also gains a position."
Lap 29,"[{'subject': [{'driver': 'ZHO'}], 'action': 'make', 'object': {'main': ['pitstop', 'for soft tyres']}}, {'subject': [{'driver': 'ZHO'}], 'action': 'drop to', 'object': {'position': ['17']}}, {'subject': [{'driver': 'RUS'}], 'action': 'come', 'object': {'main': ['in pits', 'for hard tyres']}}, {'subject': [{'driver': 'RUS'}], 'action': 'drop to', 'object': {'position': ['4']}}, {'subject': [{'driver': ['NOR', 'VER']}], 'action': 'pit', 'object': {}}]","Write a live blog post describing the following events in a Formula 1 race: Agent1 | driver | ZHO [SEP] Action1 | make [SEP] Object1 | main | pitstop [SEP] Object1 | main | for soft tyres [SEP] Agent2 | driver | ZHO [SEP] Action2 | drop to [SEP] Object2 | position | 17 [SEP] Agent3 | driver | RUS [SEP] Action3 | come [SEP] Object3 | main | in pits [SEP] Object3 | main | for hard tyres [SEP] Agent4 | driver | RUS [SEP] Action4 | drop to [SEP] Object4 | position | 4 [SEP] Agent5 | drivers | NOR, VER [SEP] Action5 | pit","Zhou makes a pitstop for soft tyres, dropping to 17th. Russell comes in pits for hard tyres and drops to 4th. Norris, Verstappen, and Sainz also pit."
Lap 29,"[{'subject': [{'driver': 'ZHO'}], 'action': 'pass', 'object': {'driver': ['LAT']}}, {'subject': [{'driver': 'ZHO'}], 'action': 'move up', 'object': {'position': ['16']}}]",Write a live blog post describing the following events in a Formula 1 race: Agent1 | driver | ZHO [SEP] Action1 | pass [SEP] Object1 | driver | LAT [SEP] Agent2 | driver | ZHO [SEP] Action2 | move up [SEP] Object2 | position | 16,Zhou passes Latifi to move up to 16th.
Lap 30,"[{'subject': [{'driver': 'TSU'}], 'action': 'pit', 'object': {'main': ['from P10', 'to undercut'], 'driver': ['RIC']}}, {'subject': [{'driver': 'RIC'}], 'action': 'be', 'object': {'main': ['still out']}}, {'subject': [{'driver': 'MSC'}], 'action': 'make', 'object': {'main': ['pitstop', 'for medium tyres']}}, {'subject': [{'driver': 'MSC'}], 'action': 'drop to', 'object': {'position': ['18']}}, {'subject': [{'driver': ['VER']}], 'action': 'pit', 'object': {}}]",Write a live blog post describing the following events in a Formula 1 race: Agent1 | driver | TSU [SEP] Action1 | pit [SEP] Object1 | main | from P10 [SEP] Object1 | main | to undercut [SEP] Object1 | driver | RIC [SEP] Agent2 | driver | RIC [SEP] Action2 | be [SEP] Object2 | main | still out [SEP] Agent3 | driver | MSC [SEP] Action3 | make [SEP] Object3 | main | pitstop [SEP] Object3 | main | for medium tyres [SEP] Agent4 | driver | MSC [SEP] Action4 | drop to [SEP] Object4 | position | 18 [SEP] Agent5 | drivers | VER [SEP] Action5 | pit,"Tsuoda pits from P10 to undercut Ricciardo, who is still out. Magnussen makes a pitstop for medium tyres and drops to 18th. Verstappen also pits."
Lap 30,"[{'subject': [{'driver': 'LEC'}], 'action': 'overtake', 'object': {'driver': ['VET']}}, {'subject': [{'driver': 'LEC'}], 'action': 'move up', 'object': {'position': ['5']}}, {'subject': [{'driver': 'NOR'}], 'action': 'pass', 'object': {'driver': ['ZHO']}}, {'subject': [{'driver': 'NOR'}], 'action': 'move up', 'object': {'position': ['13']}}, {'subject': [{'driver': 'MAG'}], 'action': 'also gain', 'object': {'main': ['position']}}]",Write a live blog post describing the following events in a Formula 1 race: Agent1 | driver | LEC [SEP] Action1 | overtake [SEP] Object1 | driver | VET [SEP] Agent2 | driver | LEC [SEP] Action2 | move up [SEP] Object2 | position | 5 [SEP] Agent3 | driver | NOR [SEP] Action3 | pass [SEP] Object3 | driver | ZHO [SEP] Agent4 | driver | NOR [SEP] Action4 | move up [SEP] Object4 | position | 13 [SEP] Agent5 | driver | MAG [SEP] Action5 | also gain [SEP] Object5 | main | position,Leclerc overtakes Vettel and moves up to 5th. Norris passes Zhou and Magnussen to move up to 13th.
Lap 31,"[{'subject': [{'driver': 'MSC'}], 'action': 'enter', 'object': {'main': ['pits', 'for medium tyres']}}, {'subject': [{'driver': 'MSC'}], 'action': 'stay in', 'object': {'position': ['18']}}]",Write a live blog post describing the following events in a Formula 1 race: Agent1 | driver | MSC [SEP] Action1 | enter [SEP] Object1 | main | pits [SEP] Object1 | main | for medium tyres [SEP] Agent2 | driver | MSC [SEP] Action2 | stay in [SEP] Object2 | position | 18,Schumacher pits for medium tyres and stays in 18th.
Lap 32,"[{'subject': [{'driver': 'RIC'}], 'action': 'make', 'object': {'main': ['pitstop', 'for medium tyres']}}, {'subject': [{'driver': 'RIC'}], 'action': 'drop to', 'object': {'position': ['10']}}, {'subject': [{'driver': 'OCO'}], 'action': 'pit', 'object': {'main': ['from P7', 'to undercut'], 'driver': ['VET']}}, {'subject': [{'driver': 'VET'}], 'action': 'be', 'object': {'main': ['still out']}}]",Write a live blog post describing the following events in a Formula 1 race: Agent1 | driver | RIC [SEP] Action1 | make [SEP] Object1 | main | pitstop [SEP] Object1 | main | for medium tyres [SEP] Agent2 | driver | RIC [SEP] Action2 | drop to [SEP] Object2 | position | 10 [SEP] Agent3 | driver | OCO [SEP] Action3 | pit [SEP] Object3 | main | from P7 [SEP] Object3 | main | to undercut [SEP] Object3 | driver | VET [SEP] Agent4 | driver | VET [SEP] Action4 | be [SEP] Object4 | main | still out,"Ricciardo makes a pitstop for medium tyres, dropping to 10th. Ocon pits from P7 to undercut Vettel, who is still out."
Lap 33,"[{'subject': [{'driver': 'RIC'}], 'action': 'pit', 'object': {'main': ['for medium tyres']}}, {'subject': [{'driver': 'RIC'}], 'action': 'stay in', 'object': {'position': ['15']}}, {'subject': [{'driver': 'VET'}], 'action': 'come', 'object': {'main': ['in pits', 'for hard tyres']}}, {'subject': [{'driver': 'VET'}], 'action': 'drop to', 'object': {'position': ['7']}}]",Write a live blog post describing the following events in a Formula 1 race: Agent1 | driver | RIC [SEP] Action1 | pit [SEP] Object1 | main | for medium tyres [SEP] Agent2 | driver | RIC [SEP] Action2 | stay in [SEP] Object2 | position | 15 [SEP] Agent3 | driver | VET [SEP] Action3 | come [SEP] Object3 | main | in pits [SEP] Object3 | main | for hard tyres [SEP] Agent4 | driver | VET [SEP] Action4 | drop to [SEP] Object4 | position | 7,Ricciardo pits for medium tyres and stays in 15th. Vettel comes in for hard tyres and drops to 7th.
Lap 33,"[{'subject': [{'driver': 'OCO'}], 'action': 'approach', 'object': {'driver': ['GAS']}}, {'subject': [{'other': 'gap'}], 'action': 'decrease', 'object': {'main': ['to', '1.67'], 'driver': ['GAS'], 'timing': ['this lap']}}]",Write a live blog post describing the following events in a Formula 1 race: Agent1 | driver | OCO [SEP] Action1 | approach [SEP] Object1 | driver | GAS [SEP] Agent2 | other | gap [SEP] Action2 | decrease [SEP] Object2 | main | to [SEP] Object2 | main | 1.67 [SEP] Object2 | driver | GAS [SEP] Object2 | timing | this lap,Ocon approaches Gasly and the gap decreases to 1.67s this lap.
Lap 34,"[{'subject': [{'driver': 'LAT'}], 'action': 'pit', 'object': {'main': ['for soft tyres']}}, {'subject': [{'driver': 'LAT'}], 'action': 'drop to', 'object': {'position': ['18']}}]",Write a live blog post describing the following events in a Formula 1 race: Agent1 | driver | LAT [SEP] Action1 | pit [SEP] Object1 | main | for soft tyres [SEP] Agent2 | driver | LAT [SEP] Action2 | drop to [SEP] Object2 | position | 18,Latifi pits for soft tyres and drops to 18th.
Lap 34,"[{'subject': [{'driver': 'VET'}], 'action': 'pass', 'object': {'driver': ['GAS']}}, {'subject': [{'driver': 'VET'}], 'action': 'move up', 'object': {'position': ['7']}}]",Write a live blog post describing the following events in a Formula 1 race: Agent1 | driver | VET [SEP] Action1 | pass [SEP] Object1 | driver | GAS [SEP] Agent2 | driver | VET [SEP] Action2 | move up [SEP] Object2 | position | 7,Vettel passes Gasly to move up to seventh.
Lap 35,"[{'subject': [{'driver': 'LAT'}], 'action': 'box', 'object': {'main': ['for soft tyres']}}, {'subject': [{'driver': 'LAT'}], 'action': 'stay in', 'object': {'position': ['18']}}]",Write a live blog post describing the following events in a Formula 1 race: Agent1 | driver | LAT [SEP] Action1 | box [SEP] Object1 | main | for soft tyres [SEP] Agent2 | driver | LAT [SEP] Action2 | stay in [SEP] Object2 | position | 18,Latifi boxes for soft tyres and stays in 18th.
Lap 41,"[{'subject': [{'driver': 'TSU'}], 'action': 'overtake', 'object': {'driver': ['ZHO']}}, {'subject': [{'driver': 'TSU'}], 'action': 'move up', 'object': {'position': ['13']}}]",Write a live blog post describing the following events in a Formula 1 race: Agent1 | driver | TSU [SEP] Action1 | overtake [SEP] Object1 | driver | ZHO [SEP] Agent2 | driver | TSU [SEP] Action2 | move up [SEP] Object2 | position | 13,Tsui overtakes Zhou to move up to 13th.
Lap 42,"[{'subject': [{'driver': 'LEC'}], 'action': 'pit', 'object': {'main': ['from P5', 'to undercut'], 'driver': ['RUS']}}, {'subject': [{'driver': 'RUS'}], 'action': 'be', 'object': {'main': ['still out']}}]",Write a live blog post describing the following events in a Formula 1 race: Agent1 | driver | LEC [SEP] Action1 | pit [SEP] Object1 | main | from P5 [SEP] Object1 | main | to undercut [SEP] Object1 | driver | RUS [SEP] Agent2 | driver | RUS [SEP] Action2 | be [SEP] Object2 | main | still out,"Leclerc pits from P5 to undercut Russell, but Russell is still out."
Lap 43,"[{'subject': [{'driver': 'LEC'}], 'action': 'fly', 'object': {'driver': ['ALO'], 'main': ['past']}}, {'subject': [{'driver': 'LEC'}], 'action': 'move up', 'object': {'position': ['5']}}]",Write a live blog post describing the following events in a Formula 1 race: Agent1 | driver | LEC [SEP] Action1 | fly [SEP] Object1 | driver | ALO [SEP] Object1 | main | past [SEP] Agent2 | driver | LEC [SEP] Action2 | move up [SEP] Object2 | position | 5,Leclerc flies past Alonso to move up to fifth.
