Lap 1,"[{'subject': [{'driver': 'SAR'}], 'action': 'pass', 'object': {'driver': ['ALB']}}, {'subject': [{'driver': 'SAR'}], 'action': 'move up', 'object': {'position': ['16']}}, {'subject': [{'driver': 'OCO'}], 'action': 'fly', 'object': {'driver': ['ALB'], 'main': ['past']}}, {'subject': [{'driver': 'OCO'}], 'action': 'move up', 'object': {'position': ['17']}}]",Write a live blog post describing the following events in a Formula 1 race: Agent1 | driver | SAR [SEP] Action1 | pass [SEP] Object1 | driver | ALB [SEP] Agent2 | driver | SAR [SEP] Action2 | move up [SEP] Object2 | position | 16 [SEP] Agent3 | driver | OCO [SEP] Action3 | fly [SEP] Object3 | driver | ALB [SEP] Object3 | main | past [SEP] Agent4 | driver | OCO [SEP] Action4 | move up [SEP] Object4 | position | 17,Sarrazin passes Albon to move up to 16th. Ocon flies past Leclerc to take 17th.
Lap 1,"[{'subject': [{'other': 'safety car'}], 'action': 'deploy', 'object': {'timing': ['lap 1']}}]",Write a live blog post describing the following events in a Formula 1 race: Agent1 | other | safety car [SEP] Action1 | deploy [SEP] Object1 | timing | lap 1,The safety car is deployed on lap 1.
Lap 2,"[{'subject': [{'driver': 'SAR'}], 'action': 'box', 'object': {'main': ['for medium tyres']}}, {'subject': [{'driver': 'SAR'}], 'action': 'drop to', 'object': {'position': ['19']}}, {'subject': [{'driver': 'PER'}], 'action': 'box', 'object': {'main': ['for hard tyres']}}, {'subject': [{'driver': 'PER'}], 'action': 'stay in', 'object': {'position': ['7']}}, {'subject': [{'driver': ['BOT']}], 'action': 'pit', 'object': {}}]",Write a live blog post describing the following events in a Formula 1 race: Agent1 | driver | SAR [SEP] Action1 | box [SEP] Object1 | main | for medium tyres [SEP] Agent2 | driver | SAR [SEP] Action2 | drop to [SEP] Object2 | position | 19 [SEP] Agent3 | driver | PER [SEP] Action3 | box [SEP] Object3 | main | for hard tyres [SEP] Agent4 | driver | PER [SEP] Action4 | stay in [SEP] Object4 | position | 7 [SEP] Agent5 | drivers | BOT [SEP] Action5 | pit,"Sarrazin boxes for medium tyres and drops to 19th, while Perez boxes for hard tyres and stays in seventh. Bottas pits."
Lap 4,"[{'subject': [{'car': 'safety car'}], 'action': 'will come', 'object': {'main': ['in pits'], 'timing': ['end of lap']}}, {'subject': [{'other': 'race'}], 'action': 'restart', 'object': {'main': ['soon']}}]",Write a live blog post describing the following events in a Formula 1 race: Agent1 | car | safety car [SEP] Action1 | will come [SEP] Object1 | main | in pits [SEP] Object1 | timing | end of lap [SEP] Agent2 | other | race [SEP] Action2 | restart [SEP] Object2 | main | soon,The safety car will come in the pits at the end of the race soon.
Lap 4,"[{'subject': [{'other': 'track'}], 'action': 'be', 'object': {'main': ['clear']}}, {'subject': [{'other': 'fia'}], 'action': 'note', 'object': {'main': ['incident'], 'driver': ['PER'], 'info': ['safety car infringement']}}]",Write a live blog post describing the following events in a Formula 1 race: Agent1 | other | track [SEP] Action1 | be [SEP] Object1 | main | clear [SEP] Agent2 | other | fia [SEP] Action2 | note [SEP] Object2 | main | incident [SEP] Object2 | driver | PER [SEP] Object2 | info | safety car infringement,"The track is clear of the fia, but note the incident of Perez's safety car infringement."
Lap 5,"[{'subject': [{'driver': 'SAR'}], 'action': 'make', 'object': {'main': ['pitstop', 'for medium tyres']}}, {'subject': [{'driver': 'SAR'}], 'action': 'drop to', 'object': {'position': ['20']}}]",Write a live blog post describing the following events in a Formula 1 race: Agent1 | driver | SAR [SEP] Action1 | make [SEP] Object1 | main | pitstop [SEP] Object1 | main | for medium tyres [SEP] Agent2 | driver | SAR [SEP] Action2 | drop to [SEP] Object2 | position | 20,Sergio Perez makes a pitstop for medium tyres and drops to 20th.
Lap 6,"[{'subject': [{'driver': 'BOT'}], 'action': 'pit', 'object': {'main': ['from P19', 'to undercut'], 'driver': ['ALB']}}, {'subject': [{'driver': 'ALB'}], 'action': 'be', 'object': {'main': ['still out']}}, {'subject': [{'driver': 'SAR'}], 'action': 'enter', 'object': {'main': ['pits', 'for medium tyres']}}, {'subject': [{'driver': 'SAR'}], 'action': 'stay in', 'object': {'position': ['20']}}]",Write a live blog post describing the following events in a Formula 1 race: Agent1 | driver | BOT [SEP] Action1 | pit [SEP] Object1 | main | from P19 [SEP] Object1 | main | to undercut [SEP] Object1 | driver | ALB [SEP] Agent2 | driver | ALB [SEP] Action2 | be [SEP] Object2 | main | still out [SEP] Agent3 | driver | SAR [SEP] Action3 | enter [SEP] Object3 | main | pits [SEP] Object3 | main | for medium tyres [SEP] Agent4 | driver | SAR [SEP] Action4 | stay in [SEP] Object4 | position | 20,"Bottas pits from P19 to undercut Albon, but Albon is still out. Sainz pits for medium tyres and stays in 20th."
Lap 7,"[{'subject': [{'driver': 'BOT'}], 'action': 'box', 'object': {'main': ['for hard tyres']}}, {'subject': [{'driver': 'BOT'}], 'action': 'stay in', 'object': {'position': ['20']}}]",Write a live blog post describing the following events in a Formula 1 race: Agent1 | driver | BOT [SEP] Action1 | box [SEP] Object1 | main | for hard tyres [SEP] Agent2 | driver | BOT [SEP] Action2 | stay in [SEP] Object2 | position | 20,Bottas boxes for hard tyres and stays in 20th.
Lap 7,"[{'subject': [{'driver': 'PER'}], 'action': 'overtake', 'object': {'driver': ['ZHO']}}, {'subject': [{'driver': 'PER'}], 'action': 'move up', 'object': {'position': ['16']}}]",Write a live blog post describing the following events in a Formula 1 race: Agent1 | driver | PER [SEP] Action1 | overtake [SEP] Object1 | driver | ZHO [SEP] Agent2 | driver | PER [SEP] Action2 | move up [SEP] Object2 | position | 16,Perez overtakes Zhou to move up to 16th.
Lap 8,"[{'subject': [{'driver': 'BOT'}], 'action': 'pit', 'object': {'main': ['from P20', 'to undercut'], 'driver': ['SAR']}}, {'subject': [{'driver': 'SAR'}], 'action': 'be', 'object': {'main': ['still out']}}, {'subject': [{'driver': 'HUL'}], 'action': 'pit', 'object': {'main': ['for medium tyres']}}, {'subject': [{'driver': 'HUL'}], 'action': 'drop to', 'object': {'position': ['18']}}]",Write a live blog post describing the following events in a Formula 1 race: Agent1 | driver | BOT [SEP] Action1 | pit [SEP] Object1 | main | from P20 [SEP] Object1 | main | to undercut [SEP] Object1 | driver | SAR [SEP] Agent2 | driver | SAR [SEP] Action2 | be [SEP] Object2 | main | still out [SEP] Agent3 | driver | HUL [SEP] Action3 | pit [SEP] Object3 | main | for medium tyres [SEP] Agent4 | driver | HUL [SEP] Action4 | drop to [SEP] Object4 | position | 18,"Bottas pits from P20 to undercut Sainz, who is still out. Hulkenberg pits for medium tyres and drops to 18th."
Lap 8,"[{'subject': [{'driver': 'BOT'}], 'action': 'stop', 'object': {'main': ['race']}}, {'subject': [{'other': 'his alfa car'}], 'action': 'be stationary', 'object': {'timing': ['start of lap']}}]",Write a live blog post describing the following events in a Formula 1 race: Agent1 | driver | BOT [SEP] Action1 | stop [SEP] Object1 | main | race [SEP] Agent2 | other | his alfa car [SEP] Action2 | be stationary [SEP] Object2 | timing | start of lap,"Bottas pits, his alfa car is stationary at the start of the lap."
Lap 9,"[{'subject': [{'driver': 'TSU'}], 'action': 'enter', 'object': {'main': ['pits', 'for medium tyres']}}, {'subject': [{'driver': 'TSU'}], 'action': 'drop to', 'object': {'position': ['17']}}]",Write a live blog post describing the following events in a Formula 1 race: Agent1 | driver | TSU [SEP] Action1 | enter [SEP] Object1 | main | pits [SEP] Object1 | main | for medium tyres [SEP] Agent2 | driver | TSU [SEP] Action2 | drop to [SEP] Object2 | position | 17,Tsuoda pits for medium tyres and drops to 17th.
Lap 10,"[{'subject': [{'driver': 'LAW'}], 'action': 'pit', 'object': {'main': ['for medium tyres']}}, {'subject': [{'driver': 'LAW'}], 'action': 'drop to', 'object': {'position': ['15']}}, {'subject': [{'driver': 'ZHO'}], 'action': 'box', 'object': {'main': ['for soft tyres']}}, {'subject': [{'driver': 'ZHO'}], 'action': 'drop to', 'object': {'position': ['16']}}, {'subject': [{'driver': ['TSU']}], 'action': 'pit', 'object': {}}]",Write a live blog post describing the following events in a Formula 1 race: Agent1 | driver | LAW [SEP] Action1 | pit [SEP] Object1 | main | for medium tyres [SEP] Agent2 | driver | LAW [SEP] Action2 | drop to [SEP] Object2 | position | 15 [SEP] Agent3 | driver | ZHO [SEP] Action3 | box [SEP] Object3 | main | for soft tyres [SEP] Agent4 | driver | ZHO [SEP] Action4 | drop to [SEP] Object4 | position | 16 [SEP] Agent5 | drivers | TSU [SEP] Action5 | pit,"Lawrence pits for medium tyres, dropping to 15th. Zhou boxes for soft tyres and drops to 16th, while Tsunoda pits."
Lap 10,"[{'subject': [{'driver': 'MAG'}], 'action': 'catch', 'object': {'driver': ['GAS']}}, {'subject': [{'other': 'gap'}], 'action': 'be', 'object': {'main': ['down to', '0.88'], 'driver': ['GAS'], 'timing': ['currently']}}]",Write a live blog post describing the following events in a Formula 1 race: Agent1 | driver | MAG [SEP] Action1 | catch [SEP] Object1 | driver | GAS [SEP] Agent2 | other | gap [SEP] Action2 | be [SEP] Object2 | main | down to [SEP] Object2 | main | 0.88 [SEP] Object2 | driver | GAS [SEP] Object2 | timing | currently,"Magnussen is catching Gasly, who is down to 0.88s currently."
Lap 11,"[{'subject': [{'driver': 'ALO'}], 'action': 'pit', 'object': {'main': ['from P6', 'to undercut'], 'driver': ['SAI']}}, {'subject': [{'driver': 'SAI'}], 'action': 'be', 'object': {'main': ['still out']}}, {'subject': [{'driver': 'LAW'}], 'action': 'come', 'object': {'main': ['in pits', 'for medium tyres']}}, {'subject': [{'driver': 'LAW'}], 'action': 'stay in', 'object': {'position': ['16']}}, {'subject': [{'driver': ['ZHO']}], 'action': 'pit', 'object': {}}]",Write a live blog post describing the following events in a Formula 1 race: Agent1 | driver | ALO [SEP] Action1 | pit [SEP] Object1 | main | from P6 [SEP] Object1 | main | to undercut [SEP] Object1 | driver | SAI [SEP] Agent2 | driver | SAI [SEP] Action2 | be [SEP] Object2 | main | still out [SEP] Agent3 | driver | LAW [SEP] Action3 | come [SEP] Object3 | main | in pits [SEP] Object3 | main | for medium tyres [SEP] Agent4 | driver | LAW [SEP] Action4 | stay in [SEP] Object4 | position | 16 [SEP] Agent5 | drivers | ZHO [SEP] Action5 | pit,"Alonso pits from P6 to undercut Sainz, who is still out. Law comes in for medium tyres and stays in 16th."
Lap 12,"[{'subject': [{'driver': 'PER'}], 'action': 'make', 'object': {'main': ['pitstop', 'for hard tyres']}}, {'subject': [{'driver': 'PER'}], 'action': 'drop to', 'object': {'position': ['17']}}, {'subject': [{'driver': 'MAG'}], 'action': 'make', 'object': {'main': ['pitstop', 'for hard tyres']}}, {'subject': [{'driver': 'MAG'}], 'action': 'drop to', 'object': {'position': ['18']}}]",Write a live blog post describing the following events in a Formula 1 race: Agent1 | driver | PER [SEP] Action1 | make [SEP] Object1 | main | pitstop [SEP] Object1 | main | for hard tyres [SEP] Agent2 | driver | PER [SEP] Action2 | drop to [SEP] Object2 | position | 17 [SEP] Agent3 | driver | MAG [SEP] Action3 | make [SEP] Object3 | main | pitstop [SEP] Object3 | main | for hard tyres [SEP] Agent4 | driver | MAG [SEP] Action4 | drop to [SEP] Object4 | position | 18,"Perez makes a pitstop for hard tyres, dropping to 17th. Magnussen makes a hard tyre pitstop as well and drops to 18th."
Lap 13,"[{'subject': [{'driver': 'PIA'}], 'action': 'pit', 'object': {'main': ['from P3', 'to undercut'], 'driver': ['NOR']}}, {'subject': [{'driver': 'NOR'}], 'action': 'be', 'object': {'main': ['still out']}}, {'subject': [{'driver': 'ALB'}], 'action': 'come', 'object': {'main': ['in pits', 'for medium tyres']}}, {'subject': [{'driver': 'ALB'}], 'action': 'drop to', 'object': {'position': ['13']}}, {'subject': [{'driver': ['PER', 'MAG']}], 'action': 'pit', 'object': {}}]","Write a live blog post describing the following events in a Formula 1 race: Agent1 | driver | PIA [SEP] Action1 | pit [SEP] Object1 | main | from P3 [SEP] Object1 | main | to undercut [SEP] Object1 | driver | NOR [SEP] Agent2 | driver | NOR [SEP] Action2 | be [SEP] Object2 | main | still out [SEP] Agent3 | driver | ALB [SEP] Action3 | come [SEP] Object3 | main | in pits [SEP] Object3 | main | for medium tyres [SEP] Agent4 | driver | ALB [SEP] Action4 | drop to [SEP] Object4 | position | 13 [SEP] Agent5 | drivers | PER, MAG [SEP] Action5 | pit","Piazza pits from P3 to undercut Norris, who is still out. Albon comes in for medium tyres and drops to 13th. Perez, Magnussen and Sainz also pit."
Lap 14,"[{'subject': [{'driver': 'STR'}], 'action': 'box', 'object': {'main': ['for medium tyres']}}, {'subject': [{'driver': 'STR'}], 'action': 'drop to', 'object': {'position': ['10']}}, {'subject': [{'driver': 'ALB'}], 'action': 'enter', 'object': {'main': ['pits', 'for soft tyres']}}, {'subject': [{'driver': 'ALB'}], 'action': 'drop to', 'object': {'position': ['17']}}, {'subject': [{'driver': ['PER']}], 'action': 'pit', 'object': {}}]",Write a live blog post describing the following events in a Formula 1 race: Agent1 | driver | STR [SEP] Action1 | box [SEP] Object1 | main | for medium tyres [SEP] Agent2 | driver | STR [SEP] Action2 | drop to [SEP] Object2 | position | 10 [SEP] Agent3 | driver | ALB [SEP] Action3 | enter [SEP] Object3 | main | pits [SEP] Object3 | main | for soft tyres [SEP] Agent4 | driver | ALB [SEP] Action4 | drop to [SEP] Object4 | position | 17 [SEP] Agent5 | drivers | PER [SEP] Action5 | pit,"Stroll boxes for medium tyres, dropping to 10th. Albon pits for soft tyres, and Perez drops to 17."
Lap 14,"[{'subject': [{'other': 'virtual safety car'}], 'action': 'deploy', 'object': {'timing': ['lap 14']}}, {'subject': [{'other': 'virtual safety car'}], 'action': 'end', 'object': {'timing': ['this lap']}}]",Write a live blog post describing the following events in a Formula 1 race: Agent1 | other | virtual safety car [SEP] Action1 | deploy [SEP] Object1 | timing | lap 14 [SEP] Agent2 | other | virtual safety car [SEP] Action2 | end [SEP] Object2 | timing | this lap,The virtual safety car has been deployed on lap 14 and will end this lap.
Lap 14,"[{'subject': [{'other': 'race control'}], 'action': 'wave', 'object': {'main': ['double yellow flag'], 'location': ['sector 11']}}]",Write a live blog post describing the following events in a Formula 1 race: Agent1 | other | race control [SEP] Action1 | wave [SEP] Object1 | main | double yellow flag [SEP] Object1 | location | sector 11,The race control team has waved a double yellow flag for sector 11.
Lap 15,"[{'subject': [{'driver': 'STR'}], 'action': 'make', 'object': {'main': ['pitstop', 'for medium tyres']}}, {'subject': [{'driver': 'STR'}], 'action': 'stay in', 'object': {'position': ['14']}}]",Write a live blog post describing the following events in a Formula 1 race: Agent1 | driver | STR [SEP] Action1 | make [SEP] Object1 | main | pitstop [SEP] Object1 | main | for medium tyres [SEP] Agent2 | driver | STR [SEP] Action2 | stay in [SEP] Object2 | position | 14,Stroll makes a pitstop for medium tyres and stays in 14th.
Lap 15,"[{'subject': [{'driver': 'PIA'}], 'action': 'pass', 'object': {'driver': ['GAS']}}, {'subject': [{'driver': 'PIA'}], 'action': 'move up', 'object': {'position': ['7']}}, {'subject': [{'driver': 'STR'}], 'action': 'overtake', 'object': {'driver': ['HUL']}}, {'subject': [{'driver': 'STR'}], 'action': 'move up', 'object': {'position': ['13']}}]",Write a live blog post describing the following events in a Formula 1 race: Agent1 | driver | PIA [SEP] Action1 | pass [SEP] Object1 | driver | GAS [SEP] Agent2 | driver | PIA [SEP] Action2 | move up [SEP] Object2 | position | 7 [SEP] Agent3 | driver | STR [SEP] Action3 | overtake [SEP] Object3 | driver | HUL [SEP] Agent4 | driver | STR [SEP] Action4 | move up [SEP] Object4 | position | 13,Pia passes Gasly and moves up to 7th. Stroll overtakes Hulkenberg to move up to 13th.
Lap 15,"[{'subject': [{'driver': 'PER'}], 'action': 'stop', 'object': {'main': ['race']}}, {'subject': [{'other': 'his red_bull car'}], 'action': 'give up', 'object': {'timing': ['beginning of lap']}}]",Write a live blog post describing the following events in a Formula 1 race: Agent1 | driver | PER [SEP] Action1 | stop [SEP] Object1 | main | race [SEP] Agent2 | other | his red_bull car [SEP] Action2 | give up [SEP] Object2 | timing | beginning of lap,"Perez has stopped the race, giving up his red-bull car at the beginning of the lap."
Lap 16,"[{'subject': [{'driver': 'HAM'}], 'action': 'come', 'object': {'main': ['in pits', 'for hard tyres']}}, {'subject': [{'driver': 'HAM'}], 'action': 'drop to', 'object': {'position': ['10']}}, {'subject': [{'driver': 'VER'}], 'action': 'box', 'object': {'main': ['for medium tyres']}}, {'subject': [{'driver': 'VER'}], 'action': 'stay in', 'object': {'position': ['1']}}, {'subject': [{'driver': ['LEC', 'NOR']}], 'action': 'pit', 'object': {}}]","Write a live blog post describing the following events in a Formula 1 race: Agent1 | driver | HAM [SEP] Action1 | come [SEP] Object1 | main | in pits [SEP] Object1 | main | for hard tyres [SEP] Agent2 | driver | HAM [SEP] Action2 | drop to [SEP] Object2 | position | 10 [SEP] Agent3 | driver | VER [SEP] Action3 | box [SEP] Object3 | main | for medium tyres [SEP] Agent4 | driver | VER [SEP] Action4 | stay in [SEP] Object4 | position | 1 [SEP] Agent5 | drivers | LEC, NOR [SEP] Action5 | pit","Hamilton comes in the pits for hard tyres, dropping to 10th. Verstappen boxes for medium tyres and stays in 1st. Leclerc, Norris, and Vermappen all pit."
Lap 16,"[{'subject': [{'driver': 'VER'}], 'action': 'pass', 'object': {'driver': ['RUS']}}, {'subject': [{'driver': 'VER'}], 'action': 'move up', 'object': {'position': ['4']}}]",Write a live blog post describing the following events in a Formula 1 race: Agent1 | driver | VER [SEP] Action1 | pass [SEP] Object1 | driver | RUS [SEP] Agent2 | driver | VER [SEP] Action2 | move up [SEP] Object2 | position | 4,Verstappen passes Russell to move up to fourth.
Lap 17,"[{'subject': [{'driver': 'NOR'}], 'action': 'come', 'object': {'main': ['in pits', 'for hard tyres']}}, {'subject': [{'driver': 'NOR'}], 'action': 'drop to', 'object': {'position': ['7']}}, {'subject': [{'driver': 'LEC'}], 'action': 'stop', 'object': {'main': ['for medium tyres']}}, {'subject': [{'driver': 'LEC'}], 'action': 'drop to', 'object': {'position': ['9']}}]",Write a live blog post describing the following events in a Formula 1 race: Agent1 | driver | NOR [SEP] Action1 | come [SEP] Object1 | main | in pits [SEP] Object1 | main | for hard tyres [SEP] Agent2 | driver | NOR [SEP] Action2 | drop to [SEP] Object2 | position | 7 [SEP] Agent3 | driver | LEC [SEP] Action3 | stop [SEP] Object3 | main | for medium tyres [SEP] Agent4 | driver | LEC [SEP] Action4 | drop to [SEP] Object4 | position | 9,"Norris comes in the pits for hard tyres, dropping to seventh. Leclerc stops for medium tyres and drops to ninth."
Lap 17,"[{'subject': [{'driver': 'STR'}], 'action': 'fly', 'object': {'driver': ['HUL'], 'main': ['past']}}, {'subject': [{'driver': 'STR'}], 'action': 'move up', 'object': {'position': ['13']}}]",Write a live blog post describing the following events in a Formula 1 race: Agent1 | driver | STR [SEP] Action1 | fly [SEP] Object1 | driver | HUL [SEP] Object1 | main | past [SEP] Agent2 | driver | STR [SEP] Action2 | move up [SEP] Object2 | position | 13,Stroll flies past Hulkenberg to move up to 13th.
Lap 18,"[{'subject': [{'driver': 'SAI'}], 'action': 'come', 'object': {'main': ['in pits', 'for medium tyres']}}, {'subject': [{'driver': 'SAI'}], 'action': 'stay in', 'object': {'position': ['1']}}, {'subject': [{'driver': 'GAS'}], 'action': 'box', 'object': {'main': ['for hard tyres']}}, {'subject': [{'driver': 'GAS'}], 'action': 'drop to', 'object': {'position': ['14']}}]",Write a live blog post describing the following events in a Formula 1 race: Agent1 | driver | SAI [SEP] Action1 | come [SEP] Object1 | main | in pits [SEP] Object1 | main | for medium tyres [SEP] Agent2 | driver | SAI [SEP] Action2 | stay in [SEP] Object2 | position | 1 [SEP] Agent3 | driver | GAS [SEP] Action3 | box [SEP] Object3 | main | for hard tyres [SEP] Agent4 | driver | GAS [SEP] Action4 | drop to [SEP] Object4 | position | 14,Sainz comes in the pits for medium tyres and stays in 1st. Gasly boxes for hard tyres and drops to 14th.
Lap 18,"[{'subject': [{'driver': 'VER'}], 'action': 'pass', 'object': {'driver': ['RUS']}}, {'subject': [{'driver': 'VER'}], 'action': 'move up', 'object': {'position': ['1']}}]",Write a live blog post describing the following events in a Formula 1 race: Agent1 | driver | VER [SEP] Action1 | pass [SEP] Object1 | driver | RUS [SEP] Agent2 | driver | VER [SEP] Action2 | move up [SEP] Object2 | position | 1,Verstappen passes Russell to move up to No. 1.
Lap 18,"[{'subject': [{'driver': 'STR'}], 'action': 'have', 'object': {'main': ['DRS advantage'], 'driver': ['on LAW']}}, {'subject': [{'driver': 'LAW'}], 'action': 'might lose', 'object': {'main': ['P11'], 'driver': ['to STR']}}]",Write a live blog post describing the following events in a Formula 1 race: Agent1 | driver | STR [SEP] Action1 | have [SEP] Object1 | main | DRS advantage [SEP] Object1 | driver | on LAW [SEP] Agent2 | driver | LAW [SEP] Action2 | might lose [SEP] Object2 | main | P11 [SEP] Object2 | driver | to STR,"Stroll has a DRS advantage on Law, who might lose P11 to Stroll."
Lap 19,"[{'subject': [{'driver': 'GAS'}], 'action': 'pit', 'object': {'main': ['for hard tyres']}}, {'subject': [{'driver': 'GAS'}], 'action': 'stay in', 'object': {'position': ['15']}}]",Write a live blog post describing the following events in a Formula 1 race: Agent1 | driver | GAS [SEP] Action1 | pit [SEP] Object1 | main | for hard tyres [SEP] Agent2 | driver | GAS [SEP] Action2 | stay in [SEP] Object2 | position | 15,Gasly pits for hard tyres and stays in 15th.
Lap 19,"[{'subject': [{'driver': 'GAS'}], 'action': 'fly', 'object': {'driver': ['ZHO'], 'main': ['past']}}, {'subject': [{'driver': 'GAS'}], 'action': 'move up', 'object': {'position': ['14']}}]",Write a live blog post describing the following events in a Formula 1 race: Agent1 | driver | GAS [SEP] Action1 | fly [SEP] Object1 | driver | ZHO [SEP] Object1 | main | past [SEP] Agent2 | driver | GAS [SEP] Action2 | move up [SEP] Object2 | position | 14,Gasly flies past Zhou to move up to 14th.
Lap 20,"[{'subject': [{'driver': 'STR'}], 'action': 'pit', 'object': {'main': ['from P12', 'to undercut'], 'driver': ['LAW']}}, {'subject': [{'driver': 'LAW'}], 'action': 'be', 'object': {'main': ['still out']}}]",Write a live blog post describing the following events in a Formula 1 race: Agent1 | driver | STR [SEP] Action1 | pit [SEP] Object1 | main | from P12 [SEP] Object1 | main | to undercut [SEP] Object1 | driver | LAW [SEP] Agent2 | driver | LAW [SEP] Action2 | be [SEP] Object2 | main | still out,"Stroll pits from P12 to undercut Leclerc, but Law is still out."
Lap 20,"[{'subject': [{'driver': 'SAI'}], 'action': 'overtake', 'object': {'driver': ['OCO']}}, {'subject': [{'driver': 'SAI'}], 'action': 'move up', 'object': {'position': ['6']}}]",Write a live blog post describing the following events in a Formula 1 race: Agent1 | driver | SAI [SEP] Action1 | overtake [SEP] Object1 | driver | OCO [SEP] Agent2 | driver | SAI [SEP] Action2 | move up [SEP] Object2 | position | 6,Sainz overtakes Ocon to move up to sixth.
Lap 21,"[{'subject': [{'driver': 'HUL'}], 'action': 'come', 'object': {'main': ['in pits', 'for hard tyres']}}, {'subject': [{'driver': 'HUL'}], 'action': 'drop to', 'object': {'position': ['14']}}, {'subject': [{'driver': 'SAR'}], 'action': 'make', 'object': {'main': ['pitstop', 'for medium tyres']}}, {'subject': [{'driver': 'SAR'}], 'action': 'stay in', 'object': {'position': ['17']}}]",Write a live blog post describing the following events in a Formula 1 race: Agent1 | driver | HUL [SEP] Action1 | come [SEP] Object1 | main | in pits [SEP] Object1 | main | for hard tyres [SEP] Agent2 | driver | HUL [SEP] Action2 | drop to [SEP] Object2 | position | 14 [SEP] Agent3 | driver | SAR [SEP] Action3 | make [SEP] Object3 | main | pitstop [SEP] Object3 | main | for medium tyres [SEP] Agent4 | driver | SAR [SEP] Action4 | stay in [SEP] Object4 | position | 17,Hulkenberg comes in the pits for hard tyres and drops to 14. Sainz makes a pitstop for medium tyres and stays in 17.
Lap 21,"[{'subject': [{'driver': 'HAM'}], 'action': 'overtake', 'object': {'driver': ['OCO']}}, {'subject': [{'driver': 'HAM'}], 'action': 'move up', 'object': {'position': ['7']}}]",Write a live blog post describing the following events in a Formula 1 race: Agent1 | driver | HAM [SEP] Action1 | overtake [SEP] Object1 | driver | OCO [SEP] Agent2 | driver | HAM [SEP] Action2 | move up [SEP] Object2 | position | 7,Hamilton overtakes Ocon to move up to seventh.
Lap 21,"[{'subject': [{'driver': 'STR'}], 'action': 'stop', 'object': {'main': ['race']}}, {'subject': [{'other': 'his aston_martin car'}], 'action': 'be stationary', 'object': {'timing': ['start of lap']}}]",Write a live blog post describing the following events in a Formula 1 race: Agent1 | driver | STR [SEP] Action1 | stop [SEP] Object1 | main | race [SEP] Agent2 | other | his aston_martin car [SEP] Action2 | be stationary [SEP] Object2 | timing | start of lap,"Stroll has stopped the race, his aston_martin car is stationary at the start of the lap."
Lap 21,"[{'subject': [{'driver': 'PIA'}], 'action': 'approach', 'object': {'driver': ['RUS']}}, {'subject': [{'other': 'gap'}], 'action': 'be', 'object': {'main': ['down to', '1.9'], 'driver': ['RUS'], 'timing': ['this lap']}}]",Write a live blog post describing the following events in a Formula 1 race: Agent1 | driver | PIA [SEP] Action1 | approach [SEP] Object1 | driver | RUS [SEP] Agent2 | other | gap [SEP] Action2 | be [SEP] Object2 | main | down to [SEP] Object2 | main | 1.9 [SEP] Object2 | driver | RUS [SEP] Object2 | timing | this lap,Piazza approaches Russell and the gap is down to 1.9s this lap.
Lap 22,"[{'subject': [{'driver': 'HUL'}], 'action': 'come', 'object': {'main': ['in pits', 'for hard tyres']}}, {'subject': [{'driver': 'HUL'}], 'action': 'stay in', 'object': {'position': ['15']}}, {'subject': [{'driver': 'SAR'}], 'action': 'make', 'object': {'main': ['pitstop', 'for hard tyres']}}, {'subject': [{'driver': 'SAR'}], 'action': 'stay in', 'object': {'position': ['17']}}]",Write a live blog post describing the following events in a Formula 1 race: Agent1 | driver | HUL [SEP] Action1 | come [SEP] Object1 | main | in pits [SEP] Object1 | main | for hard tyres [SEP] Agent2 | driver | HUL [SEP] Action2 | stay in [SEP] Object2 | position | 15 [SEP] Agent3 | driver | SAR [SEP] Action3 | make [SEP] Object3 | main | pitstop [SEP] Object3 | main | for hard tyres [SEP] Agent4 | driver | SAR [SEP] Action4 | stay in [SEP] Object4 | position | 17,"Hulkenberg comes in the pits for hard tyres and stays in 15th. Sainz makes a pitstop for the hard tyres, but stays in 17th."
Lap 22,"[{'subject': [{'driver': 'GAS'}], 'action': 'pass', 'object': {'driver': ['LAW']}}, {'subject': [{'driver': 'GAS'}], 'action': 'move up', 'object': {'position': ['11']}}]",Write a live blog post describing the following events in a Formula 1 race: Agent1 | driver | GAS [SEP] Action1 | pass [SEP] Object1 | driver | LAW [SEP] Agent2 | driver | GAS [SEP] Action2 | move up [SEP] Object2 | position | 11,Gasly passes Law to move up to 11th.
Lap 23,"[{'subject': [{'driver': 'SAR'}], 'action': 'pit', 'object': {'main': ['for hard tyres']}}, {'subject': [{'driver': 'SAR'}], 'action': 'stay in', 'object': {'position': ['17']}}]",Write a live blog post describing the following events in a Formula 1 race: Agent1 | driver | SAR [SEP] Action1 | pit [SEP] Object1 | main | for hard tyres [SEP] Agent2 | driver | SAR [SEP] Action2 | stay in [SEP] Object2 | position | 17,Sergio Perez pits for hard tyres and stays in 17th.
Lap 23,"[{'subject': [{'driver': 'GAS'}], 'action': 'overtake', 'object': {'driver': ['TSU']}}, {'subject': [{'driver': 'GAS'}], 'action': 'move up', 'object': {'position': ['10']}}]",Write a live blog post describing the following events in a Formula 1 race: Agent1 | driver | GAS [SEP] Action1 | overtake [SEP] Object1 | driver | TSU [SEP] Agent2 | driver | GAS [SEP] Action2 | move up [SEP] Object2 | position | 10,Gasly overtakes Tsunoda to move up to 10th.
Lap 23,"[{'subject': [{'driver': 'SAR'}], 'action': 'quit', 'object': {'main': ['race']}}, {'subject': [{'other': 'his williams car'}], 'action': 'give up', 'object': {'timing': ['first part of lap']}}]",Write a live blog post describing the following events in a Formula 1 race: Agent1 | driver | SAR [SEP] Action1 | quit [SEP] Object1 | main | race [SEP] Agent2 | other | his williams car [SEP] Action2 | give up [SEP] Object2 | timing | first part of lap,"Sergio Perez has quit the race, giving up his williams car for the first part of lap."
Lap 24,"[{'subject': [{'driver': 'RUS'}], 'action': 'make', 'object': {'main': ['pitstop', 'for hard tyres']}}, {'subject': [{'driver': 'RUS'}], 'action': 'drop to', 'object': {'position': ['7']}}]",Write a live blog post describing the following events in a Formula 1 race: Agent1 | driver | RUS [SEP] Action1 | make [SEP] Object1 | main | pitstop [SEP] Object1 | main | for hard tyres [SEP] Agent2 | driver | RUS [SEP] Action2 | drop to [SEP] Object2 | position | 7,Russell makes a pitstop for hard tyres and drops to seventh.
Lap 24,"[{'subject': [{'driver': 'RUS'}], 'action': 'fly', 'object': {'driver': ['ALO'], 'main': ['past']}}, {'subject': [{'driver': 'RUS'}], 'action': 'move up', 'object': {'position': ['8']}}]",Write a live blog post describing the following events in a Formula 1 race: Agent1 | driver | RUS [SEP] Action1 | fly [SEP] Object1 | driver | ALO [SEP] Object1 | main | past [SEP] Agent2 | driver | RUS [SEP] Action2 | move up [SEP] Object2 | position | 8,Russell flies past Alonso to move up to eighth.
Lap 24,"[{'subject': [{'driver': 'SAR'}], 'action': 'have', 'object': {'main': ['DRS advantage'], 'driver': ['on ALB']}}, {'subject': [{'driver': 'ALB'}], 'action': 'might lose', 'object': {'main': ['P16'], 'driver': ['to SAR']}}]",Write a live blog post describing the following events in a Formula 1 race: Agent1 | driver | SAR [SEP] Action1 | have [SEP] Object1 | main | DRS advantage [SEP] Object1 | driver | on ALB [SEP] Agent2 | driver | ALB [SEP] Action2 | might lose [SEP] Object2 | main | P16 [SEP] Object2 | driver | to SAR,"Sarrazin has a DRS advantage on Albon, who might lose P16 to Sainz."
Lap 25,"[{'subject': [{'driver': 'ALO'}], 'action': 'stop', 'object': {'main': ['for hard tyres']}}, {'subject': [{'driver': 'ALO'}], 'action': 'drop to', 'object': {'position': ['12']}}, {'subject': [{'driver': 'LAW'}], 'action': 'pit', 'object': {'main': ['from P12', 'to undercut'], 'driver': ['TSU']}}, {'subject': [{'driver': 'TSU'}], 'action': 'be', 'object': {'main': ['still out']}}]",Write a live blog post describing the following events in a Formula 1 race: Agent1 | driver | ALO [SEP] Action1 | stop [SEP] Object1 | main | for hard tyres [SEP] Agent2 | driver | ALO [SEP] Action2 | drop to [SEP] Object2 | position | 12 [SEP] Agent3 | driver | LAW [SEP] Action3 | pit [SEP] Object3 | main | from P12 [SEP] Object3 | main | to undercut [SEP] Object3 | driver | TSU [SEP] Agent4 | driver | TSU [SEP] Action4 | be [SEP] Object4 | main | still out,"Alonso pits for hard tyres, dropping to 12th. Lawrence pits from P12 to undercut, but Tsunoda is still out."
Lap 26,"[{'subject': [{'driver': 'ALO'}], 'action': 'make', 'object': {'main': ['pitstop', 'for hard tyres']}}, {'subject': [{'driver': 'ALO'}], 'action': 'stay in', 'object': {'position': ['12']}}, {'subject': [{'driver': 'LAW'}], 'action': 'stop', 'object': {'main': ['for hard tyres']}}, {'subject': [{'driver': 'LAW'}], 'action': 'stay in', 'object': {'position': ['15']}}, {'subject': [{'driver': ['ALB']}], 'action': 'pit', 'object': {}}]",Write a live blog post describing the following events in a Formula 1 race: Agent1 | driver | ALO [SEP] Action1 | make [SEP] Object1 | main | pitstop [SEP] Object1 | main | for hard tyres [SEP] Agent2 | driver | ALO [SEP] Action2 | stay in [SEP] Object2 | position | 12 [SEP] Agent3 | driver | LAW [SEP] Action3 | stop [SEP] Object3 | main | for hard tyres [SEP] Agent4 | driver | LAW [SEP] Action4 | stay in [SEP] Object4 | position | 15 [SEP] Agent5 | drivers | ALB [SEP] Action5 | pit,"Alonso makes a pitstop for hard tyres. He stays in 12th, Law stays in 15 and Albon pits."
Lap 27,"[{'subject': [{'driver': 'ALB'}], 'action': 'retire from', 'object': {'main': ['race']}}, {'subject': [{'other': 'his williams car'}], 'action': 'give up', 'object': {'timing': ['first part of lap']}}]",Write a live blog post describing the following events in a Formula 1 race: Agent1 | driver | ALB [SEP] Action1 | retire from [SEP] Object1 | main | race [SEP] Agent2 | other | his williams car [SEP] Action2 | give up [SEP] Object2 | timing | first part of lap,"Albon has retired from the race, his Williams car giving up the first part of the lap."
Lap 27,"[{'subject': [{'driver': 'GAS'}], 'action': 'catch', 'object': {'driver': ['OCO']}}, {'subject': [{'other': 'gap'}], 'action': 'be', 'object': {'main': ['only', '2.51'], 'driver': ['OCO'], 'timing': ['currently']}}]",Write a live blog post describing the following events in a Formula 1 race: Agent1 | driver | GAS [SEP] Action1 | catch [SEP] Object1 | driver | OCO [SEP] Agent2 | other | gap [SEP] Action2 | be [SEP] Object2 | main | only [SEP] Object2 | main | 2.51 [SEP] Object2 | driver | OCO [SEP] Object2 | timing | currently,"Gasly is catching Ocon, who is only 2.51s behind him currently."
Lap 28,"[{'subject': [{'driver': 'OCO'}], 'action': 'pit', 'object': {'main': ['from P8', 'to undercut'], 'driver': ['RUS']}}, {'subject': [{'driver': 'RUS'}], 'action': 'be', 'object': {'main': ['still out']}}]",Write a live blog post describing the following events in a Formula 1 race: Agent1 | driver | OCO [SEP] Action1 | pit [SEP] Object1 | main | from P8 [SEP] Object1 | main | to undercut [SEP] Object1 | driver | RUS [SEP] Agent2 | driver | RUS [SEP] Action2 | be [SEP] Object2 | main | still out,"Ocon pits from P8 to undercut Russell, who is still out."
Lap 28,"[{'subject': [{'driver': 'ALO'}], 'action': 'approach', 'object': {'driver': ['TSU']}}, {'subject': [{'other': 'gap'}], 'action': 'be', 'object': {'main': ['only', '0.87'], 'driver': ['TSU'], 'timing': ['this lap']}}]",Write a live blog post describing the following events in a Formula 1 race: Agent1 | driver | ALO [SEP] Action1 | approach [SEP] Object1 | driver | TSU [SEP] Agent2 | other | gap [SEP] Action2 | be [SEP] Object2 | main | only [SEP] Object2 | main | 0.87 [SEP] Object2 | driver | TSU [SEP] Object2 | timing | this lap,"Alonso approaches Tsunoda, but the gap is only 0.87s this lap."
Lap 29,"[{'subject': [{'driver': 'OCO'}], 'action': 'enter', 'object': {'main': ['pits', 'for hard tyres']}}, {'subject': [{'driver': 'OCO'}], 'action': 'stay in', 'object': {'position': ['12']}}, {'subject': [{'driver': 'ZHO'}], 'action': 'stop', 'object': {'main': ['for soft tyres']}}, {'subject': [{'driver': 'ZHO'}], 'action': 'drop to', 'object': {'position': ['13']}}]",Write a live blog post describing the following events in a Formula 1 race: Agent1 | driver | OCO [SEP] Action1 | enter [SEP] Object1 | main | pits [SEP] Object1 | main | for hard tyres [SEP] Agent2 | driver | OCO [SEP] Action2 | stay in [SEP] Object2 | position | 12 [SEP] Agent3 | driver | ZHO [SEP] Action3 | stop [SEP] Object3 | main | for soft tyres [SEP] Agent4 | driver | ZHO [SEP] Action4 | drop to [SEP] Object4 | position | 13,Ocon pits for hard tyres and stays in 12th. Zhou pits for soft tyres and drops to 13th.
Lap 29,"[{'subject': [{'driver': 'ALO'}], 'action': 'fly', 'object': {'driver': ['TSU'], 'main': ['past']}}, {'subject': [{'driver': 'ALO'}], 'action': 'move up', 'object': {'position': ['9']}}]",Write a live blog post describing the following events in a Formula 1 race: Agent1 | driver | ALO [SEP] Action1 | fly [SEP] Object1 | driver | TSU [SEP] Object1 | main | past [SEP] Agent2 | driver | ALO [SEP] Action2 | move up [SEP] Object2 | position | 9,Alonso flies past Tsunoda to move up to ninth.
Lap 29,"[{'subject': [{'driver': 'HUL'}], 'action': 'catch', 'object': {'driver': ['OCO']}}, {'subject': [{'other': 'gap'}], 'action': 'be', 'object': {'main': ['down to', '0'], 'driver': ['OCO'], 'timing': ['now']}}]",Write a live blog post describing the following events in a Formula 1 race: Agent1 | driver | HUL [SEP] Action1 | catch [SEP] Object1 | driver | OCO [SEP] Agent2 | other | gap [SEP] Action2 | be [SEP] Object2 | main | down to [SEP] Object2 | main | 0 [SEP] Object2 | driver | OCO [SEP] Object2 | timing | now,"Hulkenberg is catching Ocon now, with the gap down to 0.3s."
Lap 30,"[{'subject': [{'driver': 'TSU'}], 'action': 'make', 'object': {'main': ['pitstop', 'for medium tyres']}}, {'subject': [{'driver': 'TSU'}], 'action': 'stay in', 'object': {'position': ['10']}}, {'subject': [{'driver': 'ZHO'}], 'action': 'stop', 'object': {'main': ['for hard tyres']}}, {'subject': [{'driver': 'ZHO'}], 'action': 'drop to', 'object': {'position': ['15']}}]",Write a live blog post describing the following events in a Formula 1 race: Agent1 | driver | TSU [SEP] Action1 | make [SEP] Object1 | main | pitstop [SEP] Object1 | main | for medium tyres [SEP] Agent2 | driver | TSU [SEP] Action2 | stay in [SEP] Object2 | position | 10 [SEP] Agent3 | driver | ZHO [SEP] Action3 | stop [SEP] Object3 | main | for hard tyres [SEP] Agent4 | driver | ZHO [SEP] Action4 | drop to [SEP] Object4 | position | 15,Tsui makes a pitstop for medium tyres and stays in 10th. Zhou pits for hard tyres and drops to 15th.
Lap 31,"[{'subject': [{'driver': 'TSU'}], 'action': 'come', 'object': {'main': ['in pits', 'for hard tyres']}}, {'subject': [{'driver': 'TSU'}], 'action': 'drop to', 'object': {'position': ['14']}}, {'subject': [{'driver': 'ZHO'}], 'action': 'pit', 'object': {'main': ['from P15', 'to undercut'], 'driver': ['MAG']}}, {'subject': [{'driver': 'MAG'}], 'action': 'be', 'object': {'main': ['still out']}}]",Write a live blog post describing the following events in a Formula 1 race: Agent1 | driver | TSU [SEP] Action1 | come [SEP] Object1 | main | in pits [SEP] Object1 | main | for hard tyres [SEP] Agent2 | driver | TSU [SEP] Action2 | drop to [SEP] Object2 | position | 14 [SEP] Agent3 | driver | ZHO [SEP] Action3 | pit [SEP] Object3 | main | from P15 [SEP] Object3 | main | to undercut [SEP] Object3 | driver | MAG [SEP] Agent4 | driver | MAG [SEP] Action4 | be [SEP] Object4 | main | still out,"Tsui comes in for hard tyres and drops to 14th. Zhou pits from P15 to undercut Magnussen, who is still out."
Lap 32,"[{'subject': [{'driver': 'MAG'}], 'action': 'enter', 'object': {'main': ['pits', 'for hard tyres']}}, {'subject': [{'driver': 'MAG'}], 'action': 'drop to', 'object': {'position': ['15']}}]",Write a live blog post describing the following events in a Formula 1 race: Agent1 | driver | MAG [SEP] Action1 | enter [SEP] Object1 | main | pits [SEP] Object1 | main | for hard tyres [SEP] Agent2 | driver | MAG [SEP] Action2 | drop to [SEP] Object2 | position | 15,Magnussen pits for hard tyres and drops to 15th.
Lap 34,"[{'subject': [{'driver': 'GAS'}], 'action': 'pit', 'object': {'main': ['for hard tyres']}}, {'subject': [{'driver': 'GAS'}], 'action': 'drop to', 'object': {'position': ['11']}}, {'subject': [{'driver': 'LEC'}], 'action': 'stop', 'object': {'main': ['for hard tyres']}}, {'subject': [{'driver': 'LEC'}], 'action': 'drop to', 'object': {'position': ['6']}}, {'subject': [{'driver': ['HAM']}], 'action': 'pit', 'object': {}}]",Write a live blog post describing the following events in a Formula 1 race: Agent1 | driver | GAS [SEP] Action1 | pit [SEP] Object1 | main | for hard tyres [SEP] Agent2 | driver | GAS [SEP] Action2 | drop to [SEP] Object2 | position | 11 [SEP] Agent3 | driver | LEC [SEP] Action3 | stop [SEP] Object3 | main | for hard tyres [SEP] Agent4 | driver | LEC [SEP] Action4 | drop to [SEP] Object4 | position | 6 [SEP] Agent5 | drivers | HAM [SEP] Action5 | pit,"Gasly pits for hard tyres, dropping to 11th. Leclerc also stops for the hard tyres and drops to 6th, while Hamilton pits for softs."
Lap 34,"[{'subject': [{'driver': 'ALO'}], 'action': 'catch', 'object': {'driver': ['GAS']}}, {'subject': [{'other': 'gap'}], 'action': 'be', 'object': {'main': ['down to', '1.91'], 'driver': ['GAS'], 'timing': ['currently']}}]",Write a live blog post describing the following events in a Formula 1 race: Agent1 | driver | ALO [SEP] Action1 | catch [SEP] Object1 | driver | GAS [SEP] Agent2 | other | gap [SEP] Action2 | be [SEP] Object2 | main | down to [SEP] Object2 | main | 1.91 [SEP] Object2 | driver | GAS [SEP] Object2 | timing | currently,"Alonso is catching Gasly, who is down to 1.91s currently."
Lap 35,"[{'subject': [{'driver': 'PIA'}], 'action': 'box', 'object': {'main': ['for hard tyres']}}, {'subject': [{'driver': 'PIA'}], 'action': 'drop to', 'object': {'position': ['5']}}, {'subject': [{'driver': 'HAM'}], 'action': 'come', 'object': {'main': ['in pits', 'for hard tyres']}}, {'subject': [{'driver': 'HAM'}], 'action': 'stay in', 'object': {'position': ['7']}}, {'subject': [{'driver': ['GAS']}], 'action': 'pit', 'object': {}}]",Write a live blog post describing the following events in a Formula 1 race: Agent1 | driver | PIA [SEP] Action1 | box [SEP] Object1 | main | for hard tyres [SEP] Agent2 | driver | PIA [SEP] Action2 | drop to [SEP] Object2 | position | 5 [SEP] Agent3 | driver | HAM [SEP] Action3 | come [SEP] Object3 | main | in pits [SEP] Object3 | main | for hard tyres [SEP] Agent4 | driver | HAM [SEP] Action4 | stay in [SEP] Object4 | position | 7 [SEP] Agent5 | drivers | GAS [SEP] Action5 | pit,Piares boxes for hard tyres and drops to fifth. Hamilton comes in the pits for the hard tyres as Gasly stays in seventh.
Lap 36,"[{'subject': [{'driver': 'NOR'}], 'action': 'pit', 'object': {'main': ['from P2', 'to undercut'], 'driver': ['VER']}}, {'subject': [{'driver': 'VER'}], 'action': 'be', 'object': {'main': ['still out']}}]",Write a live blog post describing the following events in a Formula 1 race: Agent1 | driver | NOR [SEP] Action1 | pit [SEP] Object1 | main | from P2 [SEP] Object1 | main | to undercut [SEP] Object1 | driver | VER [SEP] Agent2 | driver | VER [SEP] Action2 | be [SEP] Object2 | main | still out,"Norris pits from P2 to undercut Verstappen, who is still out."
Lap 37,"[{'subject': [{'driver': 'VER'}], 'action': 'enter', 'object': {'main': ['pits', 'for hard tyres']}}, {'subject': [{'driver': 'VER'}], 'action': 'stay in', 'object': {'position': ['1']}}, {'subject': [{'driver': 'HUL'}], 'action': 'pit', 'object': {'main': ['for hard tyres']}}, {'subject': [{'driver': 'HUL'}], 'action': 'drop to', 'object': {'position': ['14']}}]",Write a live blog post describing the following events in a Formula 1 race: Agent1 | driver | VER [SEP] Action1 | enter [SEP] Object1 | main | pits [SEP] Object1 | main | for hard tyres [SEP] Agent2 | driver | VER [SEP] Action2 | stay in [SEP] Object2 | position | 1 [SEP] Agent3 | driver | HUL [SEP] Action3 | pit [SEP] Object3 | main | for hard tyres [SEP] Agent4 | driver | HUL [SEP] Action4 | drop to [SEP] Object4 | position | 14,"Verstappen pits for hard tyres, staying in 1st. Hulkenberg pits for soft tyres and drops to 14th."
Lap 37,"[{'subject': [{'driver': 'NOR'}], 'action': 'overtake', 'object': {'driver': ['RUS']}}, {'subject': [{'driver': 'NOR'}], 'action': 'move up', 'object': {'position': ['3']}}]",Write a live blog post describing the following events in a Formula 1 race: Agent1 | driver | NOR [SEP] Action1 | overtake [SEP] Object1 | driver | RUS [SEP] Agent2 | driver | NOR [SEP] Action2 | move up [SEP] Object2 | position | 3,Norris overtakes Russell to move up to third.
Lap 38,"[{'subject': [{'driver': 'SAI'}], 'action': 'make', 'object': {'main': ['pitstop', 'for hard tyres']}}, {'subject': [{'driver': 'SAI'}], 'action': 'drop to', 'object': {'position': ['7']}}, {'subject': [{'driver': 'HUL'}], 'action': 'pit', 'object': {'main': ['for medium tyres']}}, {'subject': [{'driver': 'HUL'}], 'action': 'stay in', 'object': {'position': ['14']}}]",Write a live blog post describing the following events in a Formula 1 race: Agent1 | driver | SAI [SEP] Action1 | make [SEP] Object1 | main | pitstop [SEP] Object1 | main | for hard tyres [SEP] Agent2 | driver | SAI [SEP] Action2 | drop to [SEP] Object2 | position | 7 [SEP] Agent3 | driver | HUL [SEP] Action3 | pit [SEP] Object3 | main | for medium tyres [SEP] Agent4 | driver | HUL [SEP] Action4 | stay in [SEP] Object4 | position | 14,"Sainz makes a pitstop for hard tyres and drops to 7th, while Hulkenberg pits for medium tyres and stays in 14th."
Lap 39,"[{'subject': [{'driver': 'PER'}], 'action': 'box', 'object': {'main': ['for soft tyres']}}, {'subject': [{'driver': 'PER'}], 'action': 'stay in', 'object': {'position': ['19']}}]",Write a live blog post describing the following events in a Formula 1 race: Agent1 | driver | PER [SEP] Action1 | box [SEP] Object1 | main | for soft tyres [SEP] Agent2 | driver | PER [SEP] Action2 | stay in [SEP] Object2 | position | 19,Perez boxes for soft tyres and stays in 19th.
Lap 40,"[{'subject': [{'driver': 'PER'}], 'action': 'pit', 'object': {'main': ['from P19', 'to undercut'], 'driver': ['STR']}}, {'subject': [{'driver': 'STR'}], 'action': 'be', 'object': {'main': ['still out']}}]",Write a live blog post describing the following events in a Formula 1 race: Agent1 | driver | PER [SEP] Action1 | pit [SEP] Object1 | main | from P19 [SEP] Object1 | main | to undercut [SEP] Object1 | driver | STR [SEP] Agent2 | driver | STR [SEP] Action2 | be [SEP] Object2 | main | still out,"Perez pits from P19 to undercut Stroll, who is still out."
Lap 41,"[{'subject': [{'driver': 'PER'}], 'action': 'pit', 'object': {'main': ['from P19', 'to undercut'], 'driver': ['STR']}}, {'subject': [{'driver': 'STR'}], 'action': 'be', 'object': {'main': ['still out']}}]",Write a live blog post describing the following events in a Formula 1 race: Agent1 | driver | PER [SEP] Action1 | pit [SEP] Object1 | main | from P19 [SEP] Object1 | main | to undercut [SEP] Object1 | driver | STR [SEP] Agent2 | driver | STR [SEP] Action2 | be [SEP] Object2 | main | still out,"Perez pits from P19 to undercut Stroll, who is still out."
Lap 41,"[{'subject': [{'driver': 'PIA'}], 'action': 'pass', 'object': {'driver': ['RUS']}}, {'subject': [{'driver': 'PIA'}], 'action': 'move up', 'object': {'position': ['3']}}]",Write a live blog post describing the following events in a Formula 1 race: Agent1 | driver | PIA [SEP] Action1 | pass [SEP] Object1 | driver | RUS [SEP] Agent2 | driver | PIA [SEP] Action2 | move up [SEP] Object2 | position | 3,Piares passes Russell to move up to third.
Lap 42,"[{'subject': [{'driver': 'PER'}], 'action': 'pit', 'object': {'main': ['from P19', 'to undercut'], 'driver': ['STR']}}, {'subject': [{'driver': 'STR'}], 'action': 'be', 'object': {'main': ['still out']}}]",Write a live blog post describing the following events in a Formula 1 race: Agent1 | driver | PER [SEP] Action1 | pit [SEP] Object1 | main | from P19 [SEP] Object1 | main | to undercut [SEP] Object1 | driver | STR [SEP] Agent2 | driver | STR [SEP] Action2 | be [SEP] Object2 | main | still out,"Perez pits from P19 to undercut Stroll, who is still out."
Lap 43,"[{'subject': [{'driver': 'PER'}], 'action': 'quit', 'object': {'main': ['race']}}, {'subject': [{'other': 'his red_bull car'}], 'action': 'be stationary', 'object': {'timing': ['beginning of lap']}}]",Write a live blog post describing the following events in a Formula 1 race: Agent1 | driver | PER [SEP] Action1 | quit [SEP] Object1 | main | race [SEP] Agent2 | other | his red_bull car [SEP] Action2 | be stationary [SEP] Object2 | timing | beginning of lap,"Perez has quit the race, his red-bull car is stationary at the beginning of the lap."
Lap 44,"[{'subject': [{'driver': 'LEC'}], 'action': 'pass', 'object': {'driver': ['RUS']}}, {'subject': [{'driver': 'LEC'}], 'action': 'move up', 'object': {'position': ['4']}}]",Write a live blog post describing the following events in a Formula 1 race: Agent1 | driver | LEC [SEP] Action1 | pass [SEP] Object1 | driver | RUS [SEP] Agent2 | driver | LEC [SEP] Action2 | move up [SEP] Object2 | position | 4,Leclerc passes Russell to move up to fourth.
Lap 44,"[{'subject': [{'driver': 'TSU'}], 'action': 'be threathening', 'object': {'driver': ['LAW'], 'main': ['for position']}}, {'subject': [{'driver': 'TSU'}], 'action': 'be', 'object': {'main': ['0.5s behind'], 'driver': ['LAW'], 'position': ['11']}}]",Write a live blog post describing the following events in a Formula 1 race: Agent1 | driver | TSU [SEP] Action1 | be threathening [SEP] Object1 | driver | LAW [SEP] Object1 | main | for position [SEP] Agent2 | driver | TSU [SEP] Action2 | be [SEP] Object2 | main | 0.5s behind [SEP] Object2 | driver | LAW [SEP] Object2 | position | 11,Tsuoda is threatening Lawerence for position. He's 0.5s behind and 11s behind.
Lap 47,"[{'subject': [{'other': 'fia'}], 'action': 'note', 'object': {'main': ['incident'], 'driver': ['LEC', 'RUS'], 'info': ['leaving the track and gaining an advantage'], 'location': ['turn 2']}}, {'subject': [{'other': 'fia'}], 'action': 'note', 'object': {'main': ['incident'], 'driver': ['LEC', 'RUS'], 'info': ['leaving the track and gaining an advantage'], 'location': ['turn 2']}}]",Write a live blog post describing the following events in a Formula 1 race: Agent1 | other | fia [SEP] Action1 | note [SEP] Object1 | main | incident [SEP] Object1 | driver | LEC [SEP] Object1 | driver | RUS [SEP] Object1 | info | leaving the track and gaining an advantage [SEP] Object1 | location | turn 2 [SEP] Agent1 | other | fia [SEP] Action1 | note [SEP] Object1 | main | incident [SEP] Object1 | driver | LEC [SEP] Object1 | driver | RUS [SEP] Object1 | info | leaving the track and gaining an advantage [SEP] Object1 | location | turn 2,The FIA notes that Leclerc is leaving the track and gaining an advantage over Russell at turn 2.
Lap 48,"[{'subject': [{'driver': 'HAM'}], 'action': 'pass', 'object': {'driver': ['RUS']}}, {'subject': [{'driver': 'HAM'}], 'action': 'move up', 'object': {'position': ['5']}}]",Write a live blog post describing the following events in a Formula 1 race: Agent1 | driver | HAM [SEP] Action1 | pass [SEP] Object1 | driver | RUS [SEP] Agent2 | driver | HAM [SEP] Action2 | move up [SEP] Object2 | position | 5,Hamilton passes Russell to move up to fifth.
Lap 48,"[{'subject': [{'driver': 'RUS'}], 'action': 'catch', 'object': {'driver': ['LEC']}}, {'subject': [{'other': 'gap'}], 'action': 'be', 'object': {'main': ['only', '1.22'], 'driver': ['LEC'], 'timing': ['now']}}]",Write a live blog post describing the following events in a Formula 1 race: Agent1 | driver | RUS [SEP] Action1 | catch [SEP] Object1 | driver | LEC [SEP] Agent2 | other | gap [SEP] Action2 | be [SEP] Object2 | main | only [SEP] Object2 | main | 1.22 [SEP] Object2 | driver | LEC [SEP] Object2 | timing | now,"Russell is catching Leclerc, who is only 1.22s behind now."
Lap 49,"[{'subject': [{'driver': 'SAI'}], 'action': 'fly', 'object': {'driver': ['RUS'], 'main': ['past']}}, {'subject': [{'driver': 'SAI'}], 'action': 'move up', 'object': {'position': ['6']}}]",Write a live blog post describing the following events in a Formula 1 race: Agent1 | driver | SAI [SEP] Action1 | fly [SEP] Object1 | driver | RUS [SEP] Object1 | main | past [SEP] Agent2 | driver | SAI [SEP] Action2 | move up [SEP] Object2 | position | 6,Sainz flies past Russell to move up to sixth.
Lap 51,"[{'subject': [{'driver': 'PIA'}], 'action': 'exceed', 'object': {'main': ['track limits'], 'location': ['turn 9']}}]",Write a live blog post describing the following events in a Formula 1 race: Agent1 | driver | PIA [SEP] Action1 | exceed [SEP] Object1 | main | track limits [SEP] Object1 | location | turn 9,Piazza has exceeded the track limits at turn 9.
